"原ID","原维度","历史严重级别","历史标题","历史原文位置","本轮承接","当前结论","当前证据","任务状态","解决提交或不采用理由","正确性及权限审计验证","性能及恢复验证","更新时间","当前工作包"
"perf-frontend-01","audit:perf-frontend","P1","工作台徽章=47个入口/约41个独立定时器各打各的计数端点;回工作台或每来一条通知就一次打出约40个请求","02-审计发现全集.md:12","R2.03","已有修复待回归(仅源码核验)","lib/shared/badges/badge_summary_provider.dart:224-371; server/src/main/java/com/uten/imp/features/workbench/badge/WorkbenchBadgeController.java:13; docs/99-决策记录-ADR/ADR-108-前端性能徽章汇总会话快照与刷新时机.md:32 | 工作台徽章已统一为会话绑定的汇总provider；历史40路轮询叙述不再成立，当前静态仍固定60秒，设置生效另计。","复核中","核验基线d1bbfb7f；历史修复提交尚未逐项追溯，本轮不继承旧运行结论","待执行:登录/登出/切人/后台可见性、导航请求数、输入/选择/草稿保持、迟到响应与权限快照回归；本子任务未运行上述验证","未运行；旧耗时与修复收益不可作为当前结果","2026-09-30","现有修复回归/旧结论裁决/运行探查；按本轮承接，不计入135项实施根因分母"
"perf-frontend-02","audit:perf-frontend","P1","通知到达监听每2秒轮询一次, 每分钟从纪元起全量对账一遍; 未读数另有一路60s轮询, 两条通道重复","02-审计发现全集.md:20","R2.03","已有修复待回归(仅源码核验)","lib/features/notice/providers/notice_arrival.dart:204-221,456-486; lib/features/notice/providers/notice_unread_index_provider.dart:39-49 | 到达监听改20秒游标+未读索引对账；未实现SSE本身不是旧高频/重复通道缺陷仍存的证明。","复核中","核验基线d1bbfb7f；历史修复提交尚未逐项追溯，本轮不继承旧运行结论","待执行:登录/登出/切人/后台可见性、导航请求数、输入/选择/草稿保持、迟到响应与权限快照回归；本子任务未运行上述验证","未运行；旧耗时与修复收益不可作为当前结果","2026-09-30","现有修复回归/旧结论裁决/运行探查；按本轮承接，不计入135项实施根因分母"
"perf-frontend-03","audit:perf-frontend","P1","每个页面的 AppBar 都现拉一次 capability(5024 次, 35.5% 与本会话上一次相隔不到 2 秒), 单据范围能力也是每次加载都作废重拉","02-审计发现全集.md:28","R2.01 / R2.03","已有修复待回归(仅源码核验)","server/src/main/java/com/uten/imp/features/auth/SessionSnapshotService.java:36-51; lib/shared/auth/session_snapshot_provider.dart:88-165; lib/shared/auth/document_scope_capability.dart:68 | 能力及偏好读会话快照，旧每页远程capability和逐偏好整表请求已替代。","复核中","核验基线d1bbfb7f；历史修复提交尚未逐项追溯，本轮不继承旧运行结论","待执行:登录/登出/切人/后台可见性、导航请求数、输入/选择/草稿保持、迟到响应与权限快照回归；本子任务未运行上述验证","未运行；旧耗时与修复收益不可作为当前结果","2026-09-30","现有修复回归/旧结论裁决/运行探查；按本轮承接，不计入135项实施根因分母"
"perf-frontend-04","audit:perf-frontend","P1","""返回即刷新""不管数据变没变都整页重拉, 在返回转场开始时就触发; 列表页一次保存后会重拉两次, 回工作台还会重算重聚合概览","02-审计发现全集.md:36","R2.03 / R2.05","已有修复待回归(仅源码核验)","lib/core/router/page_resume_provider.dart:99,143-180 | 返回刷新已按写修订/30秒陈旧阈值与转场调度合并，需导航请求计数回归证明。","复核中","核验基线d1bbfb7f；历史修复提交尚未逐项追溯，本轮不继承旧运行结论","待执行:登录/登出/切人/后台可见性、导航请求数、输入/选择/草稿保持、迟到响应与权限快照回归；本子任务未运行上述验证","未运行；旧耗时与修复收益不可作为当前结果","2026-09-30","现有修复回归/旧结论裁决/运行探查；按本轮承接，不计入135项实施根因分母"
"perf-frontend-05","audit:perf-frontend","P1","单据详情页首屏是 5 步串行请求, 服务端已给名称快照, 客户端还在逐个 GET 员工名(写进""查看员工详情""审计)","02-审计发现全集.md:44","R2.01 / R2.02","部分解决(仅源码核验)","lib/features/sales/pages/sales_doc_detail_page.dart:457,499-504; docs/99-决策记录-ADR/ADR-108-前端性能徽章汇总会话快照与刷新时机.md:2.7 | 销售详情首屏先获取detail，附属货品/员工名称用Future.wait补齐；仍有补充查名，完整展示字段服务端化未证明全部覆盖。 | 候选实施跟进：销售订货列表先分页再批读员工姓名，100混合身份姓名SQL从150到1；采购/委外保留审批姓名快照。22项非DB+8项PG通过并集成；详情剩余名称/全平台N+1仍未全部关闭。见2026-09-30-订货列表员工名称批量读取.md。","局部已验证，整体待收口","核验基线d1bbfb7f；历史修复提交尚未逐项追溯，本轮不继承旧运行结论","待执行:登录/登出/切人/后台可见性、导航请求数、输入/选择/草稿保持、迟到响应与权限快照回归；本子任务未运行上述验证 | 候选实施跟进：销售订货列表先分页再批读员工姓名，100混合身份姓名SQL从150到1；采购/委外保留审批姓名快照。22项非DB+8项PG通过并集成；详情剩余名称/全平台N+1仍未全部关闭。见2026-09-30-订货列表员工名称批量读取.md。","未运行；旧耗时与修复收益不可作为当前结果","2026-09-30","W07 业务读投影、名称和期间汇总 | R2.01-R2.02 / R3.04-R3.05"
"perf-frontend-06","audit:perf-frontend","P1","全局没有设置转场动画: Windows 浏览器走 Zoom 转场, 而 Web 上 Zoom 转场不做快照, 整个转场期间新旧两页整树逐帧重绘","02-审计发现全集.md:52","R2.05","已有修复待回归(仅源码核验)","lib/core/theme/uten_page_transitions.dart:16-55 | 已有自定义淡入转场，需设备帧时回归；旧无全局转场判断失效。","复核中","核验基线d1bbfb7f；历史修复提交尚未逐项追溯，本轮不继承旧运行结论","待执行:登录/登出/切人/后台可见性、导航请求数、输入/选择/草稿保持、迟到响应与权限快照回归；本子任务未运行上述验证","未运行；旧耗时与修复收益不可作为当前结果","2026-09-30","现有修复回归/旧结论裁决/运行探查；按本轮承接，不计入135项实施根因分母"
"perf-frontend-07","audit:perf-frontend","P2","Web 上没有 body 的 GET 超过 15 秒会被连接计时器掐断并自动重试 3 次, 然后判定断网; 恢复时 93 个 provider 整体重建","02-审计发现全集.md:60","R1.01 / R2.05","已有修复待回归(仅源码核验)","lib/core/network/interceptors/write_deadline_interceptor.dart:30-34; lib/core/network/interceptors/safe_request_retry_interceptor.dart | Web所有请求连接时限跟随receiveTimeout，超时/断网与可安全重试分类已有治理。","复核中","核验基线d1bbfb7f；历史修复提交尚未逐项追溯，本轮不继承旧运行结论","待执行:登录/登出/切人/后台可见性、导航请求数、输入/选择/草稿保持、迟到响应与权限快照回归；本子任务未运行上述验证","未运行；旧耗时与修复收益不可作为当前结果","2026-09-30","现有修复回归/旧结论裁决/运行探查；按本轮承接，不计入135项实施根因分母"
"perf-frontend-08","audit:perf-frontend","P2","主档字典在 Master/Sales/Finance 三个服务和 color/unit 两个 provider 里各缓存一份, 同一会话重复拉取, 基础资料改动后也不失效","02-审计发现全集.md:68","R2.03","已有修复待回归(仅源码核验)","lib/shared/providers/master_dictionary_repository.dart:65-85; docs/99-决策记录-ADR/ADR-108-前端性能徽章汇总会话快照与刷新时机.md:2.7 | 已有会话级MasterDictionaryRepository及写后按字典失效，原多服务各缓存一份核心已替代；跨标签页/切人仍需回归。","复核中","核验基线d1bbfb7f；历史修复提交尚未逐项追溯，本轮不继承旧运行结论","待执行:登录/登出/切人/后台可见性、导航请求数、输入/选择/草稿保持、迟到响应与权限快照回归；本子任务未运行上述验证","未运行；旧耗时与修复收益不可作为当前结果","2026-09-30","现有修复回归/旧结论裁决/运行探查；按本轮承接，不计入135项实施根因分母"
"perf-frontend-09","audit:perf-frontend","P2","登出后未读数轮询仍按 60s 节奏发请求: 3730 次 401 呈 60s 节拍; 另外没有提前刷新 token, 每 15 分钟一轮 401","02-审计发现全集.md:76","R2.03 / R6.02","已有修复待回归(仅源码核验)","lib/shared/badges/badge_summary_provider.dart:266-315,370; lib/core/network/interceptors/auth_interceptor.dart:39-42,116,307-313 | 徽章随会话结束停轮询，AuthInterceptor临期60秒提前刷新并同锁合并；需登出、切换身份、401恢复验证。","复核中","核验基线d1bbfb7f；历史修复提交尚未逐项追溯，本轮不继承旧运行结论","待执行:登录/登出/切人/后台可见性、导航请求数、输入/选择/草稿保持、迟到响应与权限快照回归；本子任务未运行上述验证","未运行；旧耗时与修复收益不可作为当前结果","2026-09-30","现有修复回归/旧结论裁决/运行探查；按本轮承接，不计入135项实施根因分母"
"perf-frontend-10","audit:perf-frontend","P2","物料分析页每 45s 全量重拉详情, 并被记成""查看物料分析""审计(约 945 条里 751 条来自轮询); 标签页隐藏时照样轮询","02-审计发现全集.md:84","R2.03 / R2.07","部分解决(仅源码核验)","lib/features/production/pages/production_material_analysis_page.dart:145,1098-1118,1139-1148 | 45秒详情轮询仍在；已有当前路由可见检查、单飞与输入保护，浏览器后台生命周期/请求成本和审计行为需专门验证。","复核中","核验基线d1bbfb7f；历史修复提交尚未逐项追溯，本轮不继承旧运行结论","待执行:登录/登出/切人/后台可见性、导航请求数、输入/选择/草稿保持、迟到响应与权限快照回归；本子任务未运行上述验证","未运行；旧耗时与修复收益不可作为当前结果","2026-09-30","W12 物料分析前端职责和增量响应 | R2.03 / R2.07"
"perf-frontend-11","audit:perf-frontend","P2","物料分析主表边敲数边自动发回滚式预览, 没有单飞: 7 天 119 次, 平均 4.3s, 34 次和上一次重叠, 14 次 409; 前端还复刻了一份服务端数量算法","02-审计发现全集.md:92","R3.01 / R2.07","部分解决(仅源码核验)","lib/features/production/pages/material_analysis_material_table.dart:3020-3023,3035-3038,3078,3107; server/src/main/java/com/uten/imp/features/production/analysis/MaterialAnalysisCommandService.java:1513-1542 | 回滚式预览和无单飞已修；客户端仍以double即时父子换算并以服务端预览校准，须区分输入提示与提交真源并做等价/精度验证。","复核中","核验基线d1bbfb7f；历史修复提交尚未逐项追溯，本轮不继承旧运行结论","待执行:登录/登出/切人/后台可见性、导航请求数、输入/选择/草稿保持、迟到响应与权限快照回归；本子任务未运行上述验证","未运行；旧耗时与修复收益不可作为当前结果","2026-09-30","W12 物料分析前端职责和增量响应 | R2.03 / R2.07"
"perf-frontend-12","audit:perf-frontend","P2","物料分析页 12 个 part 文件拼成一个约 1.99 万行的 State, 约 150 处 setState 每次都重建整页","02-审计发现全集.md:100","R2.07 / R6.01","当前仍存(仅源码核验)","lib/features/production/pages/production_material_analysis_page.dart:88-102,124,239-291 | 物料分析仍通过15个part与共享State组织，虽有合批setState/局部改善，模块职责拆分未完成。旧行数不继续引用。","复核中","核验基线d1bbfb7f；历史修复提交尚未逐项追溯，本轮不继承旧运行结论","待执行:登录/登出/切人/后台可见性、导航请求数、输入/选择/草稿保持、迟到响应与权限快照回归；本子任务未运行上述验证","未运行；旧耗时与修复收益不可作为当前结果","2026-09-30","W12 物料分析前端职责和增量响应 | R2.03 / R2.07"
"perf-frontend-13","audit:perf-frontend","P2","每次导航都 POST /notices/read-by-route(多数是空写), 10 天内 276 次匿名 401, 而且落在转场帧里","02-审计发现全集.md:108","R2.03","已有修复待回归(仅源码核验)","lib/features/notice/providers/notice_unread_index_provider.dart:4,77-79; docs/99-决策记录-ADR/ADR-108-前端性能徽章汇总会话快照与刷新时机.md:2.6 | 未读轻量索引已替代无条件自动已读判断，缺索引兜底仍允许请求；真实导航请求数及匿名边界需回归。","复核中","核验基线d1bbfb7f；历史修复提交尚未逐项追溯，本轮不继承旧运行结论","待执行:登录/登出/切人/后台可见性、导航请求数、输入/选择/草稿保持、迟到响应与权限快照回归；本子任务未运行上述验证","未运行；旧耗时与修复收益不可作为当前结果","2026-09-30","现有修复回归/旧结论裁决/运行探查；按本轮承接，不计入135项实施根因分母"
"perf-frontend-14","audit:perf-frontend","P2","9 个页面偏好 notifier 各自 GET 一整张 /user/preferences, 同一会话 2 秒内重复拉取 147 次","02-审计发现全集.md:116","R2.01 / R2.03","已有修复待回归(仅源码核验)","server/src/main/java/com/uten/imp/features/auth/SessionSnapshotService.java:36-51; lib/shared/auth/session_snapshot_provider.dart:88-165; lib/shared/auth/document_scope_capability.dart:68 | 能力及偏好读会话快照，旧每页远程capability和逐偏好整表请求已替代。","复核中","核验基线d1bbfb7f；历史修复提交尚未逐项追溯，本轮不继承旧运行结论","待执行:登录/登出/切人/后台可见性、导航请求数、输入/选择/草稿保持、迟到响应与权限快照回归；本子任务未运行上述验证","未运行；旧耗时与修复收益不可作为当前结果","2026-09-30","现有修复回归/旧结论裁决/运行探查；按本轮承接，不计入135项实施根因分母"
"perf-frontend-15","audit:perf-frontend","P2","MasterDataTableView 每次数据刷新都用 TextPainter 重新量列宽(列数×最多 100 行), 静默刷新也会造成掉帧和列宽跳动","02-审计发现全集.md:124","R2.04","已有修复待回归(仅源码核验)","lib/features/basic_data/widgets/master_data_table_view.dart:1906-1979,2004 | 公共主档表已有按列文本去重测量与帧后增量增长，需静默刷新布局回归。","复核中","核验基线d1bbfb7f；历史修复提交尚未逐项追溯，本轮不继承旧运行结论","待执行:登录/登出/切人/后台可见性、导航请求数、输入/选择/草稿保持、迟到响应与权限快照回归；本子任务未运行上述验证","未运行；旧耗时与修复收益不可作为当前结果","2026-09-30","现有修复回归/旧结论裁决/运行探查；按本轮承接，不计入135项实施根因分母"
"perf-frontend-16","audit:perf-frontend","P2","UtenEditableGrid 明细表不虚拟化(shrinkWrap + NeverScrollable), 勾选一行就重建全部行并重跑表头筛选","02-审计发现全集.md:132","R2.04","部分解决(仅源码核验)","lib/components/layout/uten_editable_grid.dart:375-378,2133,2370-2384 | 选中与行集已独立Listenable，但编辑表体仍shrinkWrap ListView+NeverScrollable；大表虚拟化/焦点/草稿需公共组件整改。","复核中","核验基线d1bbfb7f；历史修复提交尚未逐项追溯，本轮不继承旧运行结论","待执行:登录/登出/切人/后台可见性、导航请求数、输入/选择/草稿保持、迟到响应与权限快照回归；本子任务未运行上述验证","未运行；旧耗时与修复收益不可作为当前结果","2026-09-30","W11 表格、分页、格式与状态公共内核 | R2.04 / R2.07 / R3.02"
"perf-frontend-17","audit:perf-frontend","P3","没有任何延迟加载: 路由一次性导入所有页面, 整个 App 打成一个 main.dart.js; 静态资源每次都要回源校验","02-审计发现全集.md:140","R2.07 / R7.03","当前仍存(仅源码核验)","lib/core/router/app_router.dart; web/index.html:24; web/update_check.js:17 | 当前app_router未使用deferred导入，冷加载及静态资源分包需独立产物验证，不能直接改缓存破坏更新。","复核中","核验基线d1bbfb7f；历史修复提交尚未逐项追溯，本轮不继承旧运行结论","待执行:登录/登出/切人/后台可见性、导航请求数、输入/选择/草稿保持、迟到响应与权限快照回归；本子任务未运行上述验证","未运行；旧耗时与修复收益不可作为当前结果","2026-09-30","W14 前端模块依赖、选择器与构建边界 | R2.07 / R6.06"
"perf-material-analysis-01","audit:perf-material-analysis","P0","下达预览(issue-plans/preview)是回滚式写路径模拟且全程持独占锁，预览之间串行排队到 22 秒","02-审计发现全集.md:152","R1.07 / R3.01","已有修复待回归(仅源码核验)","server/src/main/java/com/uten/imp/features/production/analysis/MaterialAnalysisCommandService.java:1513-1542; server/src/main/java/com/uten/imp/features/production/analysis/MaterialAnalysisService.java:5335-5464; docs/99-决策记录-ADR/ADR-116-物料分析下达预览只读投影.md | 下达预览使用只读内存overlay而非实际下达再回滚；需只读SQL/与真实命令等价回归。","复核中","核验基线d1bbfb7f；历史修复提交尚未逐项追溯，本轮不继承旧运行结论","待执行:只读预览与真实写入等价、来源/权益/数量守恒、重复命令/冲突/反向恢复和无变化写计数；本子任务未运行上述验证","未运行；旧耗时与修复收益不可作为当前结果","2026-09-30","现有修复回归/旧结论裁决/运行探查；按本轮承接，不计入135项实施根因分母"
"perf-material-analysis-02","audit:perf-material-analysis","P1","客户端每次改数都发一次预览，没有单飞，服务端请求堆积","02-审计发现全集.md:160","R2.03 / R2.07","已有修复待回归(仅源码核验)","lib/features/production/pages/material_analysis_material_table.dart:3028-3031,3048-3058,3077-3110 | 输入预览已有300ms去抖、单飞尾随和代际丢弃；需输入清空/取消/聚合模式快速编辑回归。","复核中","核验基线d1bbfb7f；历史修复提交尚未逐项追溯，本轮不继承旧运行结论","待执行:只读预览与真实写入等价、来源/权益/数量守恒、重复命令/冲突/反向恢复和无变化写计数；本子任务未运行上述验证","未运行；旧耗时与修复收益不可作为当前结果","2026-09-30","现有修复回归/旧结论裁决/运行探查；按本轮承接，不计入135项实施根因分母"
"perf-material-analysis-03","audit:perf-material-analysis","P1","下达车间逐计划流水线把同一份执行快照每计划算 5 遍，另有算完即丢弃的 MRP/可用量计算","02-审计发现全集.md:168","R1.07","部分解决(仅源码核验)","server/src/main/java/com/uten/imp/features/production/analysis/MaterialAnalysisCommandService.java:1202-1285,1472; docs/99-项目治理/全平台整改交接/01-交接总览.md:20-26 | 下达已有openAnalysisPlanningScope与批读取复用，但仍按计划编排；旧每计划算5遍数字需重测，不可跨计划缓存动态权益。","复核中","核验基线d1bbfb7f；历史修复提交尚未逐项追溯，本轮不继承旧运行结论","待执行:只读预览与真实写入等价、来源/权益/数量守恒、重复命令/冲突/反向恢复和无变化写计数；本子任务未运行上述验证","未运行；旧耗时与修复收益不可作为当前结果","2026-09-30","W06 物料分析变化集、版本和办理原子组 | R1.07 / R3.01 / R3.04"
"perf-material-analysis-04","audit:perf-material-analysis","P1","一条命令重复 refreshLocked 2-4 次、detailInternal 2-4 次，BOM 树、来源行、物料行被反复整读","02-审计发现全集.md:176","R1.07 / R6.01","部分解决(仅源码核验)","server/src/main/java/com/uten/imp/features/production/analysis/MaterialAnalysisService.java:1423-1443,5276-5278,5307-5350 | refreshTree/快照基线已有复用，refreshWithAnchorGrowth仍可两轮刷新、多个路径detailInternal；需要命令级SQL预算确认重复而非删必要刷新。","复核中","核验基线d1bbfb7f；历史修复提交尚未逐项追溯，本轮不继承旧运行结论","待执行:只读预览与真实写入等价、来源/权益/数量守恒、重复命令/冲突/反向恢复和无变化写计数；本子任务未运行上述验证","未运行；旧耗时与修复收益不可作为当前结果","2026-09-30","W06 物料分析变化集、版本和办理原子组 | R1.07 / R3.01 / R3.04"
"perf-material-analysis-05","audit:perf-material-analysis","P1","锁足迹发现在同一事务里被反复执行，每次都要 md5(to_jsonb(...)) 整行哈希并递归遍历 BOM","02-审计发现全集.md:184","R1.07","已有修复待回归(仅源码核验)","server/src/main/java/com/uten/imp/application/concurrency/FulfillmentMutationLocks.java:74-94,155-184,356; server/src/main/java/com/uten/imp/features/production/analysis/ProductionMutationFootprintService.java:32,648-650 | 预锁已事务首轮发现、嵌套覆盖检查与xmin行版本，旧md5整行哈希和每层重复发现不再适合作现状；诊断开关/剩余重查另测。","复核中","核验基线d1bbfb7f；历史修复提交尚未逐项追溯，本轮不继承旧运行结论","待执行:只读预览与真实写入等价、来源/权益/数量守恒、重复命令/冲突/反向恢复和无变化写计数；本子任务未运行上述验证","未运行；旧耗时与修复收益不可作为当前结果","2026-09-30","现有修复回归/旧结论裁决/运行探查；按本轮承接，不计入135项实施根因分母"
"perf-material-analysis-06","audit:perf-material-analysis","P1","一次「下单」被客户端拆成多个串行服务端命令，既慢又不原子","02-审计发现全集.md:192","R1.07 / R3.01","部分解决(仅源码核验)","lib/features/production/pages/material_analysis_aggregate_submission.dart:44-52,140,511; server/src/main/java/com/uten/imp/features/production/analysis/MaterialAnalysisCommandService.java:923-1044; docs/99-决策记录-ADR/ADR-120-物料汇总办理与共享制造来源.md | 已有聚合下单/下达服务端合同，但前端仍分stage组织办理；需按现在业务原子组验证，不照旧建议把全部层级无条件合事务。","复核中","核验基线d1bbfb7f；历史修复提交尚未逐项追溯，本轮不继承旧运行结论","待执行:只读预览与真实写入等价、来源/权益/数量守恒、重复命令/冲突/反向恢复和无变化写计数；本子任务未运行上述验证","未运行；旧耗时与修复收益不可作为当前结果","2026-09-30","W06 物料分析变化集、版本和办理原子组 | R1.07 / R3.01 / R3.04"
"perf-material-analysis-07","audit:perf-material-analysis","P1","每次刷新都无条件跑 13 条重型供给状态对账 UPDATE","02-审计发现全集.md:200","R1.07 / R3.04","当前仍存(仅源码核验)","server/src/main/java/com/uten/imp/features/production/analysis/MaterialAnalysisService.java:1438,1830,2513 | refreshLocked仍同步reconcileSupplyActionStatuses；当前部分语句已有差异条件，但供给全量对账仍需变化集/持久水位收口。","复核中","核验基线d1bbfb7f；历史修复提交尚未逐项追溯，本轮不继承旧运行结论","待执行:只读预览与真实写入等价、来源/权益/数量守恒、重复命令/冲突/反向恢复和无变化写计数；本子任务未运行上述验证","未运行；旧耗时与修复收益不可作为当前结果","2026-09-30","W06 物料分析变化集、版本和办理原子组 | R1.07 / R3.01 / R3.04"
"perf-material-analysis-08","audit:perf-material-analysis","P2","仓库侧入库/质检命令在自己的事务里同步全量刷新每个受影响的分析","02-审计发现全集.md:208","R1.07 / R3.04","部分解决(仅源码核验)","server/src/main/java/com/uten/imp/features/production/analysis/MaterialAnalysisSupplyWakeupService.java:88-107,206-213; server/src/main/java/com/uten/imp/features/production/analysis/MaterialAnalysisService.java:2766-2784 | 库存唤醒仍同步逐分析refreshLocked，已有前缀覆盖/批来源和可选刷新；空写部分已过滤。即时权益不能异步，派生投影需单独划界。","复核中","核验基线d1bbfb7f；历史修复提交尚未逐项追溯，本轮不继承旧运行结论","待执行:只读预览与真实写入等价、来源/权益/数量守恒、重复命令/冲突/反向恢复和无变化写计数；本子任务未运行上述验证","未运行；旧耗时与修复收益不可作为当前结果","2026-09-30","W06 物料分析变化集、版本和办理原子组 | R1.07 / R3.01 / R3.04"
"perf-material-analysis-09","audit:perf-material-analysis","P2","版本号每次刷新无条件加 1，表头指纹有两套算法并存","02-审计发现全集.md:216","R1.01 / R1.07","当前仍存(仅源码核验)","server/src/main/java/com/uten/imp/features/production/analysis/MaterialAnalysisService.java:4793-4805 | bumpFingerprint无差异谓词地version+1并清preview_fingerprint；需要调用语义与状态变化对照，不能简单把所有刷新改版本不变。","复核中","核验基线d1bbfb7f；历史修复提交尚未逐项追溯，本轮不继承旧运行结论","待执行:只读预览与真实写入等价、来源/权益/数量守恒、重复命令/冲突/反向恢复和无变化写计数；本子任务未运行上述验证","未运行；旧耗时与修复收益不可作为当前结果","2026-09-30","W06 物料分析变化集、版本和办理原子组 | R1.07 / R3.01 / R3.04"
"perf-material-analysis-10","audit:perf-material-analysis","P2","来源就绪量、根行数量、表头状态每次刷新都无条件回写，写出一批无变化行","02-审计发现全集.md:224","R1.07","部分解决(仅源码核验)","server/src/main/java/com/uten/imp/features/production/analysis/MaterialAnalysisService.java:2766-2784; server/src/main/java/com/uten/imp/features/production/analysis/MaterialAnalysisRootSupplyService.java | 物料节点UPDATE已有IS DISTINCT FROM和快照baseline过滤；来源/根节点/表头覆盖不能由这一处代表，待逐写路径核对。","复核中","核验基线d1bbfb7f；历史修复提交尚未逐项追溯，本轮不继承旧运行结论","待执行:只读预览与真实写入等价、来源/权益/数量守恒、重复命令/冲突/反向恢复和无变化写计数；本子任务未运行上述验证","未运行；旧耗时与修复收益不可作为当前结果","2026-09-30","W06 物料分析变化集、版本和办理原子组 | R1.07 / R3.01 / R3.04"
"perf-material-analysis-11","audit:perf-material-analysis","P2","自动重跑拦截器把确定性的「回调超出预锁集合」当成瞬时冲突，重跑 5 遍","02-审计发现全集.md:232","R1.01 / R1.07","已有修复待回归(仅源码核验)","server/src/main/java/com/uten/imp/application/concurrency/FulfillmentMutationLocks.java:155-184 | 声明覆盖缺口已有独立coverageGap类别，不再直接当旧瞬时冲突；完整重试截止合同另测。","复核中","核验基线d1bbfb7f；历史修复提交尚未逐项追溯，本轮不继承旧运行结论","待执行:只读预览与真实写入等价、来源/权益/数量守恒、重复命令/冲突/反向恢复和无变化写计数；本子任务未运行上述验证","未运行；旧耗时与修复收益不可作为当前结果","2026-09-30","现有修复回归/旧结论裁决/运行探查；按本轮承接，不计入135项实施根因分母"
"perf-material-analysis-12","audit:perf-material-analysis","P2","notify 按操作组逐组查重型视图，存在 N+1","02-审计发现全集.md:240","R1.07","当前仍存(仅源码核验)","server/src/main/java/com/uten/imp/features/production/analysis/MaterialAnalysisCommandService.java:133,181,548-570,613,630,3433 | notifySupply仍按组处理，共享在途查询多处调用并按selectedWarehouse读主仓；需以1/20组SQL预算检验可安全批读。","复核中","核验基线d1bbfb7f；历史修复提交尚未逐项追溯，本轮不继承旧运行结论","待执行:只读预览与真实写入等价、来源/权益/数量守恒、重复命令/冲突/反向恢复和无变化写计数；本子任务未运行上述验证","未运行；旧耗时与修复收益不可作为当前结果","2026-09-30","W06 物料分析变化集、版本和办理原子组 | R1.07 / R3.01 / R3.04"
"perf-material-analysis-13","audit:perf-material-analysis","P2","热路径依赖的几个复杂视图，单次规划就要 10-15ms，数据极少时也一样","02-审计发现全集.md:248","R2.02 / R7.03","需运行证实(仅源码核验)","server/src/main/java/com/uten/imp/features/production/analysis/MaterialAnalysisCommandService.java:548-570; server/src/main/java/com/uten/imp/features/production/analysis/ProductionMutationFootprintService.java:373-389 | 共享在途/权益等复杂视图仍在热路径，旧10-15ms规划数字不可复制；须在当前迁移结构EXPLAIN并记录计划/执行/loops后决定投影或查询变形。","复核中","核验基线d1bbfb7f；历史修复提交尚未逐项追溯，本轮不继承旧运行结论","待执行:只读预览与真实写入等价、来源/权益/数量守恒、重复命令/冲突/反向恢复和无变化写计数；本子任务未运行上述验证","未运行；旧耗时与修复收益不可作为当前结果","2026-09-30","现有修复回归/旧结论裁决/运行探查；按本轮承接，不计入135项实施根因分母"
"perf-material-analysis-14","audit:perf-material-analysis","P2","物料分析派生投影表挂了大量行级触发器(审计、身份守卫、延迟约束)且都没有 WHEN 条件，审计量大","02-审计发现全集.md:256","R1.07 / R6.03","部分解决(仅源码核验)","server/src/main/resources/db/migration/V670__audit_three_list_policy_change_only_rows.sql:514-524; server/src/main/resources/db/migration/V674__hot_table_trigger_relevant_column_gates.sql | 审计已COLUMN_SCOPED，相关列触发优化已迁移；不变量每行每事件是否重复仍需catalog与提交时测量。","复核中","核验基线d1bbfb7f；历史修复提交尚未逐项追溯，本轮不继承旧运行结论","待执行:只读预览与真实写入等价、来源/权益/数量守恒、重复命令/冲突/反向恢复和无变化写计数；本子任务未运行上述验证","未运行；旧耗时与修复收益不可作为当前结果","2026-09-30","W06 物料分析变化集、版本和办理原子组 | R1.07 / R3.01 / R3.04"
"perf-material-analysis-15","audit:perf-material-analysis","P2","「开始分析/刷新」(POST /preview)同步来源数量时逐行查主档、逐行 UPDATE","02-审计发现全集.md:264","R1.07","需运行证实(仅源码核验)","server/src/main/java/com/uten/imp/features/production/analysis/MaterialAnalysisService.java:5687-5754,2693-2705 | syncRequestedQuantities仍承担来源同步，当前改动已涉及批数据和节点差异写，需逐来源SQL预算及无变化行统计，不沿用旧每行N+1结论。","复核中","核验基线d1bbfb7f；历史修复提交尚未逐项追溯，本轮不继承旧运行结论","待执行:只读预览与真实写入等价、来源/权益/数量守恒、重复命令/冲突/反向恢复和无变化写计数；本子任务未运行上述验证","未运行；旧耗时与修复收益不可作为当前结果","2026-09-30","现有修复回归/旧结论裁决/运行探查；按本轮承接，不计入135项实施根因分母"
"perf-material-analysis-16","audit:perf-material-analysis","P3","每次刷新都执行已退役的 MAKE 权益委托归还(死代码)","02-审计发现全集.md:272","R6.03 / R3.01","当前仍存(仅源码核验)","server/src/main/java/com/uten/imp/features/production/analysis/MaterialAnalysisService.java:1437; docs/99-项目治理/全平台整改交接/01-交接总览.md:26 | refreshLocked仍调用restoreAllMakeDelegations，但不得按旧文直接删；近期权益/实收/反向依赖须先逐入口证明。","复核中","核验基线d1bbfb7f；历史修复提交尚未逐项追溯，本轮不继承旧运行结论","待执行:只读预览与真实写入等价、来源/权益/数量守恒、重复命令/冲突/反向恢复和无变化写计数；本子任务未运行上述验证","未运行；旧耗时与修复收益不可作为当前结果","2026-09-30","W18 兼容、失效入口和部署链清理 | R6.06 / R1.01"
"perf-material-analysis-17","audit:perf-material-analysis","P3","tx.bind() 在每个嵌套服务里都往返一次 set_config","02-审计发现全集.md:280","R6.01","已有修复待回归(仅源码核验)","server/src/main/java/com/uten/imp/security/TxSessionVars.java:127-133 | TxSessionVars已事务资源去重，手写调用清理属于结构债而非每次都set_config旧开销。","复核中","核验基线d1bbfb7f；历史修复提交尚未逐项追溯，本轮不继承旧运行结论","待执行:只读预览与真实写入等价、来源/权益/数量守恒、重复命令/冲突/反向恢复和无变化写计数；本子任务未运行上述验证","未运行；旧耗时与修复收益不可作为当前结果","2026-09-30","现有修复回归/旧结论裁决/运行探查；按本轮承接，不计入135项实施根因分母"
"perf-production-exec-01","audit:perf-production-exec","P1","日报审核里的车间直送逐行建两整套单据: 4 行报工生成 8 张单据, 最慢 15.1s","02-审计发现全集.md:292","R1.03","部分解决(仅源码核验)","server/src/main/java/com/uten/imp/features/production/directtransfer/ProductionWorkshopDirectTransferService.java:221,242,434,460; docs/99-项目治理/全平台整改交接/09-现状证据与参考方案裁决.md:E02-E03; docs/99-决策记录-ADR/ADR-127-直送资格单一事实源、不可转原因与报工自动分流.md:158-203 | 直送已ADR127资格统一/局部缓存及通用触发器优化；曾试合单反而变慢且已撤回。逐块流程仍在，须按真实来源和库存/成本内核减重复。","复核中","核验基线d1bbfb7f；历史修复提交尚未逐项追溯，本轮不继承旧运行结论","待执行:分段/公共超产/直送/FQC/点收、权限与反向恢复；提交触发器和真实多行成本计量；本子任务未运行上述验证","未运行；旧耗时与修复收益不可作为当前结果","2026-09-30","W05 生产与仓库写入上下文和提交工作量 | R1.02-R1.04 / R1.06-R1.07"
"perf-production-exec-02","audit:perf-production-exec","P1","延迟约束触发器没有列过滤和 WHEN, 每次行变更都在提交时全量重放一遍","02-审计发现全集.md:300","R1.07","部分解决(仅源码核验)","server/src/main/resources/db/migration/V674__hot_table_trigger_relevant_column_gates.sql:5-24; docs/99-决策记录-ADR/ADR-106-热表触发器按相关列起跳与索引卫生.md | V674已有WHEN按相关列真变化过滤和少数重复校验移除；仍为逐行延迟触发，未证明每键只验一次，需提交时真实触发器采样。","复核中","核验基线d1bbfb7f；历史修复提交尚未逐项追溯，本轮不继承旧运行结论","待执行:分段/公共超产/直送/FQC/点收、权限与反向恢复；提交触发器和真实多行成本计量；本子任务未运行上述验证","未运行；旧耗时与修复收益不可作为当前结果","2026-09-30","W05 生产与仓库写入上下文和提交工作量 | R1.02-R1.04 / R1.06-R1.07"
"perf-production-exec-03","audit:perf-production-exec","P1","车间任务列表: 物料汇总对全部筛选行都算一遍, 且每行跑十几棵嵌套 SQL 函数(克隆库 16 行就要 290ms)","02-审计发现全集.md:308","R2.02","部分解决(仅源码核验)","server/src/main/java/com/uten/imp/features/production/execution/ProductionExecutionWorkbenchService.java:693-728 | 计数已不付material summary代价，页数据仍FROM含多个LATERAL后LIMIT，数据库是否先页后算必须EXPLAIN验证；旧16行290ms失效。","复核中","核验基线d1bbfb7f；历史修复提交尚未逐项追溯，本轮不继承旧运行结论","待执行:分段/公共超产/直送/FQC/点收、权限与反向恢复；提交触发器和真实多行成本计量；本子任务未运行上述验证","未运行；旧耗时与修复收益不可作为当前结果","2026-09-30","W07 业务读投影、名称和期间汇总 | R2.01-R2.02 / R3.04-R3.05"
"perf-production-exec-04","audit:perf-production-exec","P1","调度与进度的批次视图: 每次请求对全库做 8 遍递归族谱加全量聚合, 规划时间远大于执行时间; 17s 的 p95 是历史数据","02-审计发现全集.md:316","R2.01 / R2.02","需运行证实(仅源码核验)","server/src/main/java/com/uten/imp/features/production/execution/ProductionExecutionWorkbenchService.java:87-154,595-600,982-1092 | 根/段重型视图仍被计数、列表、预览分桶重复读取；当前视图多次前向改写，旧8遍递归/5次SQL/p95不可当现状。","复核中","核验基线d1bbfb7f；历史修复提交尚未逐项追溯，本轮不继承旧运行结论","待执行:分段/公共超产/直送/FQC/点收、权限与反向恢复；提交触发器和真实多行成本计量；本子任务未运行上述验证","未运行；旧耗时与修复收益不可作为当前结果","2026-09-30","现有修复回归/旧结论裁决/运行探查；按本轮承接，不计入135项实施根因分母"
"perf-production-exec-05","audit:perf-production-exec","P1","预锁足迹发现: 同一事务对同一分析重复展开约 10 次, 每次对全行做 md5; 导致委外发料草稿 PUT 只写 4 行却要 1.2-5.6s","02-审计发现全集.md:324","R1.07","已有修复待回归(仅源码核验)","server/src/main/java/com/uten/imp/application/concurrency/FulfillmentMutationLocks.java:74-94,155-184,356; server/src/main/java/com/uten/imp/features/production/analysis/ProductionMutationFootprintService.java:32,648-650 | 预锁已事务首轮发现、嵌套覆盖检查与xmin行版本，旧md5整行哈希和每层重复发现不再适合作现状；诊断开关/剩余重查另测。","复核中","核验基线d1bbfb7f；历史修复提交尚未逐项追溯，本轮不继承旧运行结论","待执行:分段/公共超产/直送/FQC/点收、权限与反向恢复；提交触发器和真实多行成本计量；本子任务未运行上述验证","未运行；旧耗时与修复收益不可作为当前结果","2026-09-30","现有修复回归/旧结论裁决/运行探查；按本轮承接，不计入135项实施根因分母"
"perf-production-exec-06","audit:perf-production-exec","P2","齐套可用量查询是""需求 x 全部仓库""的笛卡尔积, 每一对都调递归函数; 确认路线和直送审核都卡在这里","02-审计发现全集.md:332","R3.01 / R2.02","需运行证实(仅源码核验)","server/src/main/java/com/uten/imp/features/production/fulfillment/ProductionExecutionReadinessService.java:1789-1815; server/src/main/java/com/uten/imp/features/production/execution/ProductionExecutionWorkbenchService.java:542-553 | 齐套availabilityRows/batchAvailability仍统一服务当前候选权益规则，需测需求与候选仓维度而非按旧笛卡尔积数字推断。","复核中","核验基线d1bbfb7f；历史修复提交尚未逐项追溯，本轮不继承旧运行结论","待执行:分段/公共超产/直送/FQC/点收、权限与反向恢复；提交触发器和真实多行成本计量；本子任务未运行上述验证","未运行；旧耗时与修复收益不可作为当前结果","2026-09-30","现有修复回归/旧结论裁决/运行探查；按本轮承接，不计入135项实施根因分母"
"perf-production-exec-07","audit:perf-production-exec","P2","齐套补偿任务每 60s 把""有货但不够""的工单重跑一遍完整提升, 还会持有行锁","02-审计发现全集.md:340","R6.03 / R1.08","部分解决(仅源码核验)","server/src/main/java/com/uten/imp/features/production/fulfillment/ProductionReadinessReconciler.java:47,93-125 | 补偿仍每60秒轮询，已有游标LIMIT25和未完成/来源筛选，但候选为存在有货且欠料，未证明足够齐套，不变缺口可能反复处理。","复核中","核验基线d1bbfb7f；历史修复提交尚未逐项追溯，本轮不继承旧运行结论","待执行:分段/公共超产/直送/FQC/点收、权限与反向恢复；提交触发器和真实多行成本计量；本子任务未运行上述验证","未运行；旧耗时与修复收益不可作为当前结果","2026-09-30","W19 后台唤醒和资源配额 | R1.08 / R6.03"
"perf-production-exec-08","audit:perf-production-exec","P2","履约工作台一次请求把同一段重 SQL 规划和执行 5 遍; 仪表盘只要两个数也走这一整套","02-审计发现全集.md:348","R2.01 / R2.02","需运行证实(仅源码核验)","server/src/main/java/com/uten/imp/features/production/execution/ProductionExecutionWorkbenchService.java:87-154,595-600,982-1092 | 根/段重型视图仍被计数、列表、预览分桶重复读取；当前视图多次前向改写，旧8遍递归/5次SQL/p95不可当现状。","复核中","核验基线d1bbfb7f；历史修复提交尚未逐项追溯，本轮不继承旧运行结论","待执行:分段/公共超产/直送/FQC/点收、权限与反向恢复；提交触发器和真实多行成本计量；本子任务未运行上述验证","未运行；旧耗时与修复收益不可作为当前结果","2026-09-30","现有修复回归/旧结论裁决/运行探查；按本轮承接，不计入135项实施根因分母"
"perf-production-exec-09","audit:perf-production-exec","P2","徽章计数是 36 个端点各自 60s 轮询, 每回一次工作台就发起一轮请求风暴","02-审计发现全集.md:356","R2.03","已有修复待回归(仅源码核验)","lib/shared/badges/badge_summary_provider.dart:224-371; server/src/main/java/com/uten/imp/features/workbench/badge/WorkbenchBadgeController.java:13; docs/99-决策记录-ADR/ADR-108-前端性能徽章汇总会话快照与刷新时机.md:32 | 工作台徽章已统一为会话绑定的汇总provider；历史40路轮询叙述不再成立，当前静态仍固定60秒，设置生效另计。","复核中","核验基线d1bbfb7f；历史修复提交尚未逐项追溯，本轮不继承旧运行结论","待执行:分段/公共超产/直送/FQC/点收、权限与反向恢复；提交触发器和真实多行成本计量；本子任务未运行上述验证","未运行；旧耗时与修复收益不可作为当前结果","2026-09-30","现有修复回归/旧结论裁决/运行探查；按本轮承接，不计入135项实施根因分母"
"perf-production-exec-10","audit:perf-production-exec","P2","工单的报工/剩余/FQC/入库数量有至少 3 份独立实现, 每次读都重新汇总","02-审计发现全集.md:364","R3.01","需运行证实(仅源码核验)","server/src/main/java/com/uten/imp/features/production/execution/ProductionExecutionWorkbenchService.java:471,1012-1079; server/src/main/java/com/uten/imp/features/production/dailyreport/DailyReportOutputAllocationService.java; docs/99-决策记录-ADR/ADR-118-自制实际产出分账与公共超产.md | 当前已有执行物料事实函数和实际产出分账，是否仍多份报工/FQC/入库汇总需逐读入口同源核对，不能把旧3份口径直接当当前错账。","复核中","核验基线d1bbfb7f；历史修复提交尚未逐项追溯，本轮不继承旧运行结论","待执行:分段/公共超产/直送/FQC/点收、权限与反向恢复；提交触发器和真实多行成本计量；本子任务未运行上述验证","未运行；旧耗时与修复收益不可作为当前结果","2026-09-30","现有修复回归/旧结论裁决/运行探查；按本轮承接，不计入135项实施根因分母"
"perf-production-exec-11","audit:perf-production-exec","P2","审计触发器和单号触发器对每行 UPDATE 都整行转一次 jsonb, 写放大明显","02-审计发现全集.md:372","R6.03 / R1.07","已有修复待回归(仅源码核验)","server/src/main/resources/db/migration/V670__audit_three_list_policy_change_only_rows.sql:209-231,320-408,514-524; server/src/test/java/com/uten/imp/migration/AuditTriggerCoveragePostgresTest.java | 行审计已三清单、UPDATE仅变化键并以WHEN筛空变化，派生表不再默认全审；后续新增表覆盖及真正写放大仍待运行。","复核中","核验基线d1bbfb7f；历史修复提交尚未逐项追溯，本轮不继承旧运行结论","待执行:分段/公共超产/直送/FQC/点收、权限与反向恢复；提交触发器和真实多行成本计量；本子任务未运行上述验证","未运行；旧耗时与修复收益不可作为当前结果","2026-09-30","现有修复回归/旧结论裁决/运行探查；按本轮承接，不计入135项实施根因分母"
"perf-production-exec-12","audit:perf-production-exec","P3","委外发料草稿每次保存都全删全插明细, 并把全部预留释放后重建","02-审计发现全集.md:380","R1.05 / R6.01","需运行证实(仅源码核验)","server/src/main/java/com/uten/imp/features/subcontract/material_issue/SubcontractMaterialIssueService.java:374; docs/99-项目治理/全平台整改交接/09-现状证据与参考方案裁决.md:E10 | 委外发料当前包含精确权益/重量/反向准备；保存是否仍全替换及无变化预留重建需针对save行为记录行ID与版本前后，不可套旧预算。","复核中","核验基线d1bbfb7f；历史修复提交尚未逐项追溯，本轮不继承旧运行结论","待执行:分段/公共超产/直送/FQC/点收、权限与反向恢复；提交触发器和真实多行成本计量；本子任务未运行上述验证","未运行；旧耗时与修复收益不可作为当前结果","2026-09-30","现有修复回归/旧结论裁决/运行探查；按本轮承接，不计入135项实施根因分母"
"perf-warehouse-quality-01","audit:perf-warehouse-quality","P0","履约预锁「发现」每条命令重复跑 4-11 遍, 每遍对整张依赖图逐行 md5(to_jsonb) —— 写 4 行的草稿编辑也要 1.2-5.6 s","02-审计发现全集.md:392","R1.07","已有修复待回归(仅源码核验)","server/src/main/java/com/uten/imp/application/concurrency/FulfillmentMutationLocks.java:74-94,155-184,356; server/src/main/java/com/uten/imp/features/production/analysis/ProductionMutationFootprintService.java:32,648-650 | 预锁已事务首轮发现、嵌套覆盖检查与xmin行版本，旧md5整行哈希和每层重复发现不再适合作现状；诊断开关/剩余重查另测。","复核中","核验基线d1bbfb7f；历史修复提交尚未逐项追溯，本轮不继承旧运行结论","待执行:普通/先入后检、部分合格/退换、五种出库原子合同、来源/余额/应付/价值及重量回归；本子任务未运行上述验证","未运行；旧耗时与修复收益不可作为当前结果","2026-09-30","现有修复回归/旧结论裁决/运行探查；按本轮承接，不计入135项实施根因分母"
"perf-warehouse-quality-02","audit:perf-warehouse-quality","P0","入库/质检放行/成品点收在同一写事务里同步整张重算物料分析, 并级联建领料单、委外申请; 分析明细几乎全是空写","02-审计发现全集.md:400","R1.07 / R3.04","部分解决(仅源码核验)","server/src/main/java/com/uten/imp/features/production/analysis/MaterialAnalysisSupplyWakeupService.java:88-107,206-213; server/src/main/java/com/uten/imp/features/production/analysis/MaterialAnalysisService.java:2766-2784 | 库存唤醒仍同步逐分析refreshLocked，已有前缀覆盖/批来源和可选刷新；空写部分已过滤。即时权益不能异步，派生投影需单独划界。","复核中","核验基线d1bbfb7f；历史修复提交尚未逐项追溯，本轮不继承旧运行结论","待执行:普通/先入后检、部分合格/退换、五种出库原子合同、来源/余额/应付/价值及重量回归；本子任务未运行上述验证","未运行；旧耗时与修复收益不可作为当前结果","2026-09-30","W05 生产与仓库写入上下文和提交工作量 | R1.02-R1.04 / R1.06-R1.07"
"perf-warehouse-quality-03","audit:perf-warehouse-quality","P1","每条库存写命令都拿主仓级 advisory 锁 MATERIAL-ANALYSIS-WAREHOUSE:<主仓>, 而全公司只有 1 个主仓 —— 所有入库/出库/质检/分析命令实际被一把全局锁串成一条队","02-审计发现全集.md:408","R1.07","当前仍存(仅源码核验)","server/src/main/java/com/uten/imp/application/concurrency/FulfillmentMutationLocks.java:276-278; server/src/main/resources/application.yml:36 | 主仓协调仍使用MATERIAL-ANALYSIS-WAREHOUSE阻塞咨询锁，已有lock_timeout但不能视为细粒度化；是否单主仓及锁等待占比需环境证据。","复核中","核验基线d1bbfb7f；历史修复提交尚未逐项追溯，本轮不继承旧运行结论","待执行:普通/先入后检、部分合格/退换、五种出库原子合同、来源/余额/应付/价值及重量回归；本子任务未运行上述验证","未运行；旧耗时与修复收益不可作为当前结果","2026-09-30","W05 生产与仓库写入上下文和提交工作量 | R1.02-R1.04 / R1.06-R1.07"
"perf-warehouse-quality-04","audit:perf-warehouse-quality","P1","库存价值账按行建图, 且采购货在「待检→合格→入库」三段各搬一次价值位置: 每条 IQC 行约 23 行价值账, 每条发料行约 19 行","02-审计发现全集.md:416","R1.07 / R3.02","部分解决(仅源码核验)","server/src/main/java/com/uten/imp/features/stock/valuation/InventoryValueLedger.java:108-227; server/src/main/java/com/uten/imp/features/stock/valuation/InventoryPositionService.java:241-262; docs/99-项目治理/全平台整改交接/01-交接总览.md:用户四项拍板 | 价值节点/边/事件模型仍在，审计降噪和批锁已改善；不可按旧每笔10/23行推算，现模型为来源追溯合同，简化须独立决策和守恒证明。","复核中","核验基线d1bbfb7f；历史修复提交尚未逐项追溯，本轮不继承旧运行结论","待执行:普通/先入后检、部分合格/退换、五种出库原子合同、来源/余额/应付/价值及重量回归；本子任务未运行上述验证","未运行；旧耗时与修复收益不可作为当前结果","2026-09-30","W04 库存价值实现减负与模型边界 | R1.07 / R3.02"
"perf-warehouse-quality-05","audit:perf-warehouse-quality","P1","IQC 合格入库 confirmOne 逐行串行 40+ 条 SQL; 权益归属查询每行带 4 个标量函数, 还留着 V298 旧账兼容分支; 20 张/300 行的批量上限必超 15 s","02-审计发现全集.md:424","R1.06","部分解决(仅源码核验)","server/src/main/java/com/uten/imp/features/warehouse/inbound/ProcurementIqcStockInService.java:148-199,207-280 | confirmCommands已有集合预锁、预准备和末尾分配批回读，confirmOne仍逐单执行；旧20张必超15秒不是当前事实，需上限SQL/墙钟/守恒回归。","复核中","核验基线d1bbfb7f；历史修复提交尚未逐项追溯，本轮不继承旧运行结论","待执行:普通/先入后检、部分合格/退换、五种出库原子合同、来源/余额/应付/价值及重量回归；本子任务未运行上述验证","未运行；旧耗时与修复收益不可作为当前结果","2026-09-30","W05 生产与仓库写入上下文和提交工作量 | R1.02-R1.04 / R1.06-R1.07"
"perf-warehouse-quality-06","audit:perf-warehouse-quality","P1","延迟约束触发器按「行×事件」在提交时逐个执行: 同一行先插后改被重复校验, 与校验无关的列变更也触发 —— 一次质检决定约 680-780 次延迟校验","02-审计发现全集.md:432","R1.07","部分解决(仅源码核验)","server/src/main/resources/db/migration/V674__hot_table_trigger_relevant_column_gates.sql:5-24; docs/99-决策记录-ADR/ADR-106-热表触发器按相关列起跳与索引卫生.md | V674已有WHEN按相关列真变化过滤和少数重复校验移除；仍为逐行延迟触发，未证明每键只验一次，需提交时真实触发器采样。","复核中","核验基线d1bbfb7f；历史修复提交尚未逐项追溯，本轮不继承旧运行结论","待执行:普通/先入后检、部分合格/退换、五种出库原子合同、来源/余额/应付/价值及重量回归；本子任务未运行上述验证","未运行；旧耗时与修复收益不可作为当前结果","2026-09-30","W05 生产与仓库写入上下文和提交工作量 | R1.02-R1.04 / R1.06-R1.07"
"perf-warehouse-quality-07","audit:perf-warehouse-quality","P1","订单结案重算: 按订单行逐次对同一订单头做整单 UPDATE, 值不变也写, 质检收尾又算一遍 —— 09-18 以来 purchase_orders 767 次更新中 706 次是空写","02-审计发现全集.md:440","R1.07","当前仍存(仅源码核验)","server/src/main/java/com/uten/imp/common/finance/ProcurementOrderClosurePolicy.java:51-112; server/src/main/java/com/uten/imp/features/warehouse/inbound/ProcurementIqcStockInService.java:1130-1146; server/src/main/java/com/uten/imp/features/production/analysis/MaterialAnalysisService.java:2766-2784 | 采购结案SQL仍无IS DISTINCT FROM，IQC仍按订单行调用整单结案；物料节点空写已部分过滤，不代表全平台空写根治。","复核中","核验基线d1bbfb7f；历史修复提交尚未逐项追溯，本轮不继承旧运行结论","待执行:普通/先入后检、部分合格/退换、五种出库原子合同、来源/余额/应付/价值及重量回归；本子任务未运行上述验证","未运行；旧耗时与修复收益不可作为当前结果","2026-09-30","W05 生产与仓库写入上下文和提交工作量 | R1.02-R1.04 / R1.06-R1.07"
"perf-warehouse-quality-08","audit:perf-warehouse-quality","P1","行级审计触发器覆盖 404/434 张表(含派生投影、价值账、权益账), 空更新也照记; 每行业务写入都要再写一行带双份 JSON 的 audit_log, 并维护 11 个索引","02-审计发现全集.md:448","R6.03 / R1.07","已有修复待回归(仅源码核验)","server/src/main/resources/db/migration/V670__audit_three_list_policy_change_only_rows.sql:209-231,320-408,514-524; server/src/test/java/com/uten/imp/migration/AuditTriggerCoveragePostgresTest.java | 行审计已三清单、UPDATE仅变化键并以WHEN筛空变化，派生表不再默认全审；后续新增表覆盖及真正写放大仍待运行。","复核中","核验基线d1bbfb7f；历史修复提交尚未逐项追溯，本轮不继承旧运行结论","待执行:普通/先入后检、部分合格/退换、五种出库原子合同、来源/余额/应付/价值及重量回归；本子任务未运行上述验证","未运行；旧耗时与修复收益不可作为当前结果","2026-09-30","现有修复回归/旧结论裁决/运行探查；按本轮承接，不计入135项实施根因分母"
"perf-warehouse-quality-09","audit:perf-warehouse-quality","P1","批量出库 issue-batch 每张单预锁 2-3 次, 审核和出库各构建一次完整详情只为取单号, requested_qty 函数每行重复调 3-4 次","02-审计发现全集.md:456","R1.04","部分解决(仅源码核验)","server/src/main/java/com/uten/imp/features/stock/StockDocService.java:1312,1385,1393,1418,1425,1583,3127; docs/99-项目治理/全平台整改交接/09-现状证据与参考方案裁决.md:E08 | 顶层集合预锁已有，内层包装器仍重复发图锁SQL、审核/出库完整detail；根线程正在以基线测试实施，CSV后续记录实际提交与验证。","复核中","核验基线d1bbfb7f；历史修复提交尚未逐项追溯，本轮不继承旧运行结论","待执行:普通/先入后检、部分合格/退换、五种出库原子合同、来源/余额/应付/价值及重量回归；本子任务未运行上述验证","未运行；旧耗时与修复收益不可作为当前结果","2026-09-30","W05 生产与仓库写入上下文和提交工作量 | R1.02-R1.04 / R1.06-R1.07"
"perf-warehouse-quality-10","audit:perf-warehouse-quality","P2","到货登记: 收货明细先插后补(每行插 1 次再改约 2.7 次), 订货明细和订单头逐行回写, 同事务 3 对 acquire/verify 共 6 遍预锁发现","02-审计发现全集.md:464","R1.06","需运行证实(仅源码核验)","server/src/main/java/com/uten/imp/features/warehouse/inbound/ProcurementArrivalControlService.java; server/src/main/java/com/uten/imp/application/concurrency/FulfillmentMutationLocks.java:74-94 | 到货当前公共准备/审批与精确金额合同已有，旧先插后改2.7倍及6遍发现需真实命令SQL验证；不能为少UPDATE跳过已接受审批状态。","复核中","核验基线d1bbfb7f；历史修复提交尚未逐项追溯，本轮不继承旧运行结论","待执行:普通/先入后检、部分合格/退换、五种出库原子合同、来源/余额/应付/价值及重量回归；本子任务未运行上述验证","未运行；旧耗时与修复收益不可作为当前结果","2026-09-30","现有修复回归/旧结论裁决/运行探查；按本轮承接，不计入135项实施根因分母"
"perf-warehouse-quality-11","audit:perf-warehouse-quality","P2","可用量唤醒的候选查询每次扫全部未删除分析, 并对 COMPLETED 分析逐个调用 fn_material_analysis_fulfillment_status; 同一条命令里要执行多遍","02-审计发现全集.md:472","R1.07 / R2.02","需运行证实(仅源码核验)","server/src/main/java/com/uten/imp/features/production/analysis/MaterialAnalysisSupplyWakeupService.java:192-225 | SupplyWakeup候选查询/逐分析刷新仍在，当前有精确来源和逆向分支；需要当前EXPLAIN证明是否全扫COMPLETED，再设计变化维度索引。","复核中","核验基线d1bbfb7f；历史修复提交尚未逐项追溯，本轮不继承旧运行结论","待执行:普通/先入后检、部分合格/退换、五种出库原子合同、来源/余额/应付/价值及重量回归；本子任务未运行上述验证","未运行；旧耗时与修复收益不可作为当前结果","2026-09-30","现有修复回归/旧结论裁决/运行探查；按本轮承接，不计入135项实施根因分母"
"perf-warehouse-quality-12","audit:perf-warehouse-quality","P2","库存过账内核逐笔执行锁、货品行锁、读余额、回写归属仓、委外出仓唤醒和 set_config; tx.bind() 全仓 530 处调用, 每次一个往返","02-审计发现全集.md:480","R1.07","部分解决(仅源码核验)","server/src/main/java/com/uten/imp/features/stock/StockService.java:112-118,184-216,306-320; server/src/main/java/com/uten/imp/security/TxSessionVars.java:127-133 | 库存lockAll与事务会话去重已存在，recordMovement仍逐笔余额/来源/估值/归属处理；按同源维度批化不可牺牲来源证据。","复核中","核验基线d1bbfb7f；历史修复提交尚未逐项追溯，本轮不继承旧运行结论","待执行:普通/先入后检、部分合格/退换、五种出库原子合同、来源/余额/应付/价值及重量回归；本子任务未运行上述验证","未运行；旧耗时与修复收益不可作为当前结果","2026-09-30","W05 生产与仓库写入上下文和提交工作量 | R1.02-R1.04 / R1.06-R1.07"
"perf-warehouse-quality-13","audit:perf-warehouse-quality","P2","「货品计量单位锁定」以语句级触发器挂在 52 张业务表上, 每条 INSERT/UPDATE 语句都跑一段动态 SQL; 138 个货品已有 108 个锁定, 绝大多数触发纯属开销","02-审计发现全集.md:488","R6.02 / R1.07","已有修复待回归(仅源码核验)","server/src/main/resources/db/migration/V675__goods_quantity_unit_in_use_on_demand.sql; server/src/main/java/com/uten/imp/common/concurrency/GoodsQuantityBasisLocks.java | V675删除引用时常驻单位锁触发器，改单位变更时按需判断引用；需最终catalog及并发改单位验证。","复核中","核验基线d1bbfb7f；历史修复提交尚未逐项追溯，本轮不继承旧运行结论","待执行:普通/先入后检、部分合格/退换、五种出库原子合同、来源/余额/应付/价值及重量回归；本子任务未运行上述验证","未运行；旧耗时与修复收益不可作为当前结果","2026-09-30","现有修复回归/旧结论裁决/运行探查；按本轮承接，不计入135项实施根因分母"
"perf-warehouse-quality-14","audit:perf-warehouse-quality","P2","BaseEntity 构造时就预设 UUID, 又没有 @Version/Persistable, Spring Data 的 save() 对新实体走 merge: 先按主键 SELECT 再 INSERT(全平台所有 JPA 新建)","02-审计发现全集.md:496","R6.01","已有修复待回归(仅源码核验)","server/src/main/java/com/uten/imp/common/domain/BaseEntity.java:21-52 | BaseEntity已Persistable并以PostLoad/PostPersist切isNew，新实体预置UUID不再必然走merge；需混用JPA/JDBC实体状态回归。","复核中","核验基线d1bbfb7f；历史修复提交尚未逐项追溯，本轮不继承旧运行结论","待执行:普通/先入后检、部分合格/退换、五种出库原子合同、来源/余额/应付/价值及重量回归；本子任务未运行上述验证","未运行；旧耗时与修复收益不可作为当前结果","2026-09-30","现有修复回归/旧结论裁决/运行探查；按本轮承接，不计入135项实施根因分母"
"perf-warehouse-quality-15","audit:perf-warehouse-quality","P3","每次入库都对涉及货品的主档行 SELECT ... FOR UPDATE, 并在库存事务里回写 goods.owning_warehouse_id/stock_place(库位与 warehouse_goods_place_preferences 双份存储)","02-审计发现全集.md:504","R1.07","部分解决(仅源码核验)","server/src/main/java/com/uten/imp/features/stock/StockService.java:203-206,313-316; server/src/main/java/com/uten/imp/features/stock/GoodsOwningWarehouseSyncService.java | 当前入库先按稳定次序锁货品并值未变不回写归属，但仍锁主档同步最新入库仓；业务上主档归属单一真源，是否进一步拆出须另评估。","复核中","核验基线d1bbfb7f；历史修复提交尚未逐项追溯，本轮不继承旧运行结论","待执行:普通/先入后检、部分合格/退换、五种出库原子合同、来源/余额/应付/价值及重量回归；本子任务未运行上述验证","未运行；旧耗时与修复收益不可作为当前结果","2026-09-30","W05 生产与仓库写入上下文和提交工作量 | R1.02-R1.04 / R1.06-R1.07"
"perf-warehouse-quality-16","audit:perf-warehouse-quality","P3","价值账仍保留「迁移是否已安装」的兼容探测和双分支 SQL, 每读一行节点要遍历 ResultSet 元数据 4 次","02-审计发现全集.md:512","R6.06","当前仍存(仅源码核验)","server/src/main/java/com/uten/imp/features/stock/valuation/InventoryValueLedger.java:35-37,98-104,119,191,227 | InventoryValueLedger仍to_regclass安装探测、authority.installed分支和ResultSet元数据hasColumn；清理须考虑旧库导入/测试夹具过渡，不能凭主库有迁移就删。","复核中","核验基线d1bbfb7f；历史修复提交尚未逐项追溯，本轮不继承旧运行结论","待执行:普通/先入后检、部分合格/退换、五种出库原子合同、来源/余额/应付/价值及重量回归；本子任务未运行上述验证","未运行；旧耗时与修复收益不可作为当前结果","2026-09-30","W18 兼容、失效入口和部署链清理 | R6.06 / R1.01"
"db-schema-01","audit:db-schema","P1","行级审计铺满派生/快照/队列/预留/只追加表: 数据库审计行里 70% 以上、jsonb 约 76% 是噪音","02-审计发现全集.md:524","R6.03 / R1.07","已有修复待回归(仅源码核验)","server/src/main/resources/db/migration/V670__audit_three_list_policy_change_only_rows.sql:209-231,320-408,514-524; server/src/test/java/com/uten/imp/migration/AuditTriggerCoveragePostgresTest.java | 行审计已三清单、UPDATE仅变化键并以WHEN筛空变化，派生表不再默认全审；后续新增表覆盖及真正写放大仍待运行。","复核中","核验基线d1bbfb7f；历史修复提交尚未逐项追溯，本轮不继承旧运行结论","待执行:最终catalog、迁移后约束/触发器/索引/权限与旧库导入；不以迁移文本存在替代落库行为；本子任务未运行上述验证","未运行；旧耗时与修复收益不可作为当前结果","2026-09-30","现有修复回归/旧结论裁决/运行探查；按本轮承接，不计入135项实施根因分母"
"db-schema-02","audit:db-schema","P1","业务逻辑把 audit_log 当事实源: 审核/驳回时间 6 个月后会从时间线上消失, 锁协议也依赖审计行","02-审计发现全集.md:532","R4.02 / R6.03","已有修复待回归(仅源码核验)","server/src/main/resources/db/migration/V672__document_approval_reversal_timestamps.sql:3-34 | 单据审核/驳回/红冲时刻已有V672专属字段；当前Java业务模块未继续读audit_log拼时间线，仍需端到端历史归档回归。","复核中","核验基线d1bbfb7f；历史修复提交尚未逐项追溯，本轮不继承旧运行结论","待执行:最终catalog、迁移后约束/触发器/索引/权限与旧库导入；不以迁移文本存在替代落库行为；本子任务未运行上述验证","未运行；旧耗时与修复收益不可作为当前结果","2026-09-30","现有修复回归/旧结论裁决/运行探查；按本轮承接，不计入135项实施根因分母"
"db-schema-03","audit:db-schema","P1","fn_audit 每次 UPDATE 都存整行前后镜像, 值没变也写: 21.6% 是空审计, 只存变化列体积可降 94%","02-审计发现全集.md:540","R6.03 / R1.07","已有修复待回归(仅源码核验)","server/src/main/resources/db/migration/V670__audit_three_list_policy_change_only_rows.sql:209-231,320-408,514-524; server/src/test/java/com/uten/imp/migration/AuditTriggerCoveragePostgresTest.java | 行审计已三清单、UPDATE仅变化键并以WHEN筛空变化，派生表不再默认全审；后续新增表覆盖及真正写放大仍待运行。","复核中","核验基线d1bbfb7f；历史修复提交尚未逐项追溯，本轮不继承旧运行结论","待执行:最终catalog、迁移后约束/触发器/索引/权限与旧库导入；不以迁移文本存在替代落库行为；本子任务未运行上述验证","未运行；旧耗时与修复收益不可作为当前结果","2026-09-30","现有修复回归/旧结论裁决/运行探查；按本轮承接，不计入135项实施根因分母"
"db-schema-04","audit:db-schema","P1","遗留数据迁移会把约 250 万行历史数据连同全部触发器写一遍, 至少 136 万条整行审计; production_plan_costs 34 个分区没有实际收益","02-审计发现全集.md:548","R6.05","部分解决(仅源码核验)","server/src/main/resources/db/migration/V673__production_plan_costs_single_table.sql:1,11-18,90-99; server/src/test/java/com/uten/imp/migration/LegacyBootstrapCoordinatorPostgresTest.java | production_plan_costs已V673改单表，旧34年分区建议失效；历史导入全触发器开销与审计数量仍需隔离bootstrap实测。","复核中","核验基线d1bbfb7f；历史修复提交尚未逐项追溯，本轮不继承旧运行结论","待执行:最终catalog、迁移后约束/触发器/索引/权限与旧库导入；不以迁移文本存在替代落库行为；本子任务未运行上述验证","未运行；旧耗时与修复收益不可作为当前结果","2026-09-30","W21 最终结构、旧库引导和迁移策略 | R6.05 / R7.05"
"db-schema-05","audit:db-schema","P1","重算结果值没变也 UPDATE: 生产计划/采购订单的 is_closed、分析行就绪量每次都写, 每条连带 9~12 个触发器和一条审计","02-审计发现全集.md:556","R1.07","当前仍存(仅源码核验)","server/src/main/java/com/uten/imp/common/finance/ProcurementOrderClosurePolicy.java:51-112; server/src/main/java/com/uten/imp/features/warehouse/inbound/ProcurementIqcStockInService.java:1130-1146; server/src/main/java/com/uten/imp/features/production/analysis/MaterialAnalysisService.java:2766-2784 | 采购结案SQL仍无IS DISTINCT FROM，IQC仍按订单行调用整单结案；物料节点空写已部分过滤，不代表全平台空写根治。","复核中","核验基线d1bbfb7f；历史修复提交尚未逐项追溯，本轮不继承旧运行结论","待执行:最终catalog、迁移后约束/触发器/索引/权限与旧库导入；不以迁移文本存在替代落库行为；本子任务未运行上述验证","未运行；旧耗时与修复收益不可作为当前结果","2026-09-30","W05 生产与仓库写入上下文和提交工作量 | R1.02-R1.04 / R1.06-R1.07"
"db-schema-06","audit:db-schema","P1","业务不变量写成逐行延迟约束触发器: 提交时每行都把同一个键的聚合重算一遍; stock_reservations 挂 27 个触发器、17 个索引、8 种归属类型","02-审计发现全集.md:564","R1.07","部分解决(仅源码核验)","server/src/main/resources/db/migration/V674__hot_table_trigger_relevant_column_gates.sql:5-24; docs/99-决策记录-ADR/ADR-106-热表触发器按相关列起跳与索引卫生.md | V674已有WHEN按相关列真变化过滤和少数重复校验移除；仍为逐行延迟触发，未证明每键只验一次，需提交时真实触发器采样。","复核中","核验基线d1bbfb7f；历史修复提交尚未逐项追溯，本轮不继承旧运行结论","待执行:最终catalog、迁移后约束/触发器/索引/权限与旧库导入；不以迁移文本存在替代落库行为；本子任务未运行上述验证","未运行；旧耗时与修复收益不可作为当前结果","2026-09-30","W05 生产与仓库写入上下文和提交工作量 | R1.02-R1.04 / R1.06-R1.07"
"db-schema-07","audit:db-schema","P1","主档编号两套终身预留并行, 数据 100% 重复; 另有 5 张计数表, 其中 1 张已废弃","02-审计发现全集.md:572","R6.05 / R6.01","当前仍存(仅源码核验)","server/src/main/java/com/uten/imp/common/mastercode/CategoryDrivenCodeService.java:458-495,525-561; server/src/main/java/com/uten/imp/common/docnumber/DocNumberService.java:42-69 | CategoryDrivenCodeService仍同时查询master_code_reservations和business_identifier_reservations，双终身编号体系未合一；旧100%重复和5计数表数量须catalog复核。","复核中","核验基线d1bbfb7f；历史修复提交尚未逐项追溯，本轮不继承旧运行结论","待执行:最终catalog、迁移后约束/触发器/索引/权限与旧库导入；不以迁移文本存在替代落库行为；本子任务未运行上述验证","未运行；旧耗时与修复收益不可作为当前结果","2026-09-30","W16 编号、引用目录与重复基础表 | R6.02 / R6.05"
"db-schema-08","audit:db-schema","P2","收付款类别引用校验拿全局排他咨询锁: 财务单据和总账分录的插入被串成单线","02-审计发现全集.md:580","R1.07","已有修复待回归(仅源码核验)","server/src/main/resources/db/migration/V674__hot_table_trigger_relevant_column_gates.sql:46-61 | V674已把引用校验咨询锁改共享锁，修改类别仍需互斥；需真实并发类别变更与财务插入测试。","复核中","核验基线d1bbfb7f；历史修复提交尚未逐项追溯，本轮不继承旧运行结论","待执行:最终catalog、迁移后约束/触发器/索引/权限与旧库导入；不以迁移文本存在替代落库行为；本子任务未运行上述验证","未运行；旧耗时与修复收益不可作为当前结果","2026-09-30","现有修复回归/旧结论裁决/运行探查；按本轮承接，不计入135项实施根因分母"
"db-schema-09","audit:db-schema","P2","请求审计把 GET 轮询全部入库(占请求事件 93%), 降噪白名单手工维护、常年漏登","02-审计发现全集.md:588","R6.03","已有修复待回归(仅源码核验)","server/src/main/java/com/uten/imp/audit/UserOperationAuditInterceptor.java:105-112; server/src/main/java/com/uten/imp/audit/AuditEventThrottle.java:49-70; server/src/main/java/com/uten/imp/audit/AuditRequestContext.java | 审计由请求语义和AuditedRead分类，匿名/会话固定窗限量；需401去重和自动详情访问回归。","复核中","核验基线d1bbfb7f；历史修复提交尚未逐项追溯，本轮不继承旧运行结论","待执行:最终catalog、迁移后约束/触发器/索引/权限与旧库导入；不以迁移文本存在替代落库行为；本子任务未运行上述验证","未运行；旧耗时与修复收益不可作为当前结果","2026-09-30","现有修复回归/旧结论裁决/运行探查；按本轮承接，不计入135项实施根因分母"
"db-schema-10","audit:db-schema","P2","多张持续增长表没有任何清理策略: refresh_tokens、business_outbox、命令幂等表、认领/队列表","02-审计发现全集.md:596","R4.01 / R6.03","当前仍存(仅源码核验)","server/src/main/java/com/uten/imp/features/notice/outbox/BusinessOutboxPublisher.java:89-115; server/src/main/java/com/uten/imp/features/notice/outbox/BusinessOutboxFailureRecorder.java:18,30-40; server/src/main/java/com/uten/imp/features/admin/serverstatus/ServerStatusProbe.java:369-395 | 未找到refresh_tokens/auth_sessions/business_outbox统一清理与防重凭据保留策略；Outbox已有积压监控却漏status2死信，不能全删成功行破坏dedupe。 | 候选跟进(未运行未安装):ServerStatusProbe.java:376-400已增status=2数量、未解决总数和任意死信WARNING；V761__business_outbox_dead_letter_visibility_index.sql增status=2部分索引。保留/防重瘦身合同尚未实施，原结论不因该候选整体关闭。 | 候选实施跟进：停止重试事件告警与最终V761索引已运行验证，保留原事件/防重键；V762禁止无分类审计整区销毁，8PG+2调度器通过。统一清理/载荷瘦身及正式环境安装仍未完成。见15回执与269/270迁移说明。","局部已验证，整体待收口","核验基线d1bbfb7f；历史修复提交尚未逐项追溯，本轮不继承旧运行结论","待执行:最终catalog、迁移后约束/触发器/索引/权限与旧库导入；不以迁移文本存在替代落库行为；本子任务未运行上述验证 | 候选实施跟进：停止重试事件告警与最终V761索引已运行验证，保留原事件/防重键；V762禁止无分类审计整区销毁，8PG+2调度器通过。统一清理/载荷瘦身及正式环境安装仍未完成。见15回执与269/270迁移说明。","未运行；旧耗时与修复收益不可作为当前结果","2026-09-30","W17 保留、死信、防重证据与可恢复销毁 | R4.01-R4.07 / R5.01-R5.04"
"db-schema-11","audit:db-schema","P2","audit_log 单表 11 个索引, 保留期靠逐批复制+DELETE: 表会膨胀, 归档代价随写入量线性增长","02-审计发现全集.md:604","R4.02 / R4.04","部分解决(仅源码核验)","server/src/main/resources/db/migration/V671__audit_log_monthly_partitions_append_only.sql:22-41,221-236,274-335; server/src/test/java/com/uten/imp/audit/AuditRetentionPostgresTest.java | 月分区、成功事件和真库测试已存在，旧逐行归档/无成功证据判断失效；同库归档及过期DROP无外部可恢复包门禁仍存。","复核中","核验基线d1bbfb7f；历史修复提交尚未逐项追溯，本轮不继承旧运行结论","待执行:最终catalog、迁移后约束/触发器/索引/权限与旧库导入；不以迁移文本存在替代落库行为；本子任务未运行上述验证","未运行；旧耗时与修复收益不可作为当前结果","2026-09-30","W17 保留、死信、防重证据与可恢复销毁 | R4.01-R4.07 / R5.01-R5.04"
"db-schema-12","audit:db-schema","P2","6 个物化视图每 5 分钟全量 CONCURRENTLY 重算全部历史, 与“只算一次”冲突","02-审计发现全集.md:612","R3.04","当前仍存(仅源码核验)","server/src/main/java/com/uten/imp/features/reporting/MaterializedViewRefreshScheduler.java:40-46,113-129,170-180 | 6张MV仍按5分钟全量刷新；已有状态与并发互斥不解决历史重复计算，需期间/变化量方案与对账。","复核中","核验基线d1bbfb7f；历史修复提交尚未逐项追溯，本轮不继承旧运行结论","待执行:最终catalog、迁移后约束/触发器/索引/权限与旧库导入；不以迁移文本存在替代落库行为；本子任务未运行上述验证","未运行；旧耗时与修复收益不可作为当前结果","2026-09-30","W07 业务读投影、名称和期间汇总 | R2.01-R2.02 / R3.04-R3.05"
"db-schema-13","audit:db-schema","P2","货品单位锁: 52 张表各挂一个“UPDATE 语句级+过渡表”触发器, 每次更新都跑动态 SQL","02-审计发现全集.md:620","R6.02 / R1.07","已有修复待回归(仅源码核验)","server/src/main/resources/db/migration/V675__goods_quantity_unit_in_use_on_demand.sql; server/src/main/java/com/uten/imp/common/concurrency/GoodsQuantityBasisLocks.java | V675删除引用时常驻单位锁触发器，改单位变更时按需判断引用；需最终catalog及并发改单位验证。","复核中","核验基线d1bbfb7f；历史修复提交尚未逐项追溯，本轮不继承旧运行结论","待执行:最终catalog、迁移后约束/触发器/索引/权限与旧库导入；不以迁移文本存在替代落库行为；本子任务未运行上述验证","未运行；旧耗时与修复收益不可作为当前结果","2026-09-30","现有修复回归/旧结论裁决/运行探查；按本轮承接，不计入135项实施根因分母"
"db-schema-14","audit:db-schema","P2","101 个冗余索引(前缀重复或与唯一约束完全重复), 白白增加写入开销","02-审计发现全集.md:628","R2.02","已有修复待回归(仅源码核验)","server/src/main/resources/db/migration/V676__index_hygiene_redundant_drop_hot_fk_leading.sql; docs/99-决策记录-ADR/ADR-106-热表触发器按相关列起跳与索引卫生.md | V676已选择性移除冗余、补热点外键前缀索引；旧101/877计数不沿用，新增迁移后最终catalog及查询收益/写成本需运行验证。","复核中","核验基线d1bbfb7f；历史修复提交尚未逐项追溯，本轮不继承旧运行结论","待执行:最终catalog、迁移后约束/触发器/索引/权限与旧库导入；不以迁移文本存在替代落库行为；本子任务未运行上述验证","未运行；旧耗时与修复收益不可作为当前结果","2026-09-30","现有修复回归/旧结论裁决/运行探查；按本轮承接，不计入135项实施根因分母"
"db-schema-15","audit:db-schema","P2","1,716 个外键中 877 个没有以外键列开头的索引; 估值图、需求、预留、计划明细等热点关联列缺索引","02-审计发现全集.md:636","R2.02","已有修复待回归(仅源码核验)","server/src/main/resources/db/migration/V676__index_hygiene_redundant_drop_hot_fk_leading.sql; docs/99-决策记录-ADR/ADR-106-热表触发器按相关列起跳与索引卫生.md | V676已选择性移除冗余、补热点外键前缀索引；旧101/877计数不沿用，新增迁移后最终catalog及查询收益/写成本需运行验证。","复核中","核验基线d1bbfb7f；历史修复提交尚未逐项追溯，本轮不继承旧运行结论","待执行:最终catalog、迁移后约束/触发器/索引/权限与旧库导入；不以迁移文本存在替代落库行为；本子任务未运行上述验证","未运行；旧耗时与修复收益不可作为当前结果","2026-09-30","现有修复回归/旧结论裁决/运行探查；按本轮承接，不计入135项实施根因分母"
"db-schema-16","audit:db-schema","P2","无用表与重复表: doc_number_sequences、procurement_iqc_consideration_review_approvals、measurement_capture_line_snapshots 没有写入方; hr_task_claims 与 task_claims 重复","02-审计发现全集.md:644","R6.05 / R6.06","部分解决(仅源码核验)","server/src/main/java/com/uten/imp/features/common/taskclaim/TaskClaimService.java:26; server/src/main/java/com/uten/imp/responsibility/DataHandoverService.java:552; server/src/main/resources/db/migration/V743__warehouse_weight_ledger_and_learning.sql:857 | 统一TaskClaimService已存在但DataHandover仍读取hr_task_claims；measurement旧表已V743退役，不能把旧无写表清单当统一删除名单。","复核中","核验基线d1bbfb7f；历史修复提交尚未逐项追溯，本轮不继承旧运行结论","待执行:最终catalog、迁移后约束/触发器/索引/权限与旧库导入；不以迁移文本存在替代落库行为；本子任务未运行上述验证","未运行；旧耗时与修复收益不可作为当前结果","2026-09-30","W16 编号、引用目录与重复基础表 | R6.02 / R6.05"
"db-schema-17","audit:db-schema","P2","库存估值图(stock_value_* 共 20 张表)每笔库存流水衍生约 10 行写入, 队列表与业务写入同一事务且被审计","02-审计发现全集.md:652","R1.07 / R3.02","部分解决(仅源码核验)","server/src/main/java/com/uten/imp/features/stock/valuation/InventoryValueLedger.java:108-227; server/src/main/java/com/uten/imp/features/stock/valuation/InventoryPositionService.java:241-262; docs/99-项目治理/全平台整改交接/01-交接总览.md:用户四项拍板 | 价值节点/边/事件模型仍在，审计降噪和批锁已改善；不可按旧每笔10/23行推算，现模型为来源追溯合同，简化须独立决策和守恒证明。","复核中","核验基线d1bbfb7f；历史修复提交尚未逐项追溯，本轮不继承旧运行结论","待执行:最终catalog、迁移后约束/触发器/索引/权限与旧库导入；不以迁移文本存在替代落库行为；本子任务未运行上述验证","未运行；旧耗时与修复收益不可作为当前结果","2026-09-30","W04 库存价值实现减负与模型边界 | R1.07 / R3.02"
"db-schema-18","audit:db-schema","P3","Flyway 共 596 个迁移、105,004 行 SQL, 空库建表耗时 154 秒; 302 个测试文件直接解析迁移 SQL 文本","02-审计发现全集.md:660","R6.05","当前仍存(仅源码核验)","server/src/main/resources/db/migration; server/src/test/java/com/uten/imp/migration/AuditTriggerCoverageMigrationContractTest.java; server/src/test/java/com/uten/imp/migration/LegacyBootstrapSchemaCompatibilityPostgresTest.java; docs/99-项目治理/全平台整改交接/03-后续工作流任务书.md:170-178 | 仍采用前向Flyway全历史和部分迁移文本契约；当前头V759/687由R0环境证据登记。重基线先证明最终结构/种子/升级/恢复等价，不改已应用字节或直接清历史。","复核中","核验基线d1bbfb7f；历史修复提交尚未逐项追溯，本轮不继承旧运行结论","待执行:最终catalog、迁移后约束/触发器/索引/权限与旧库导入；不以迁移文本存在替代落库行为；本子任务未运行上述验证","未运行；旧耗时与修复收益不可作为当前结果","2026-09-30","W21 最终结构、旧库引导和迁移策略 | R6.05 / R7.05"
"audit-retention-settings-01","audit:audit-retention-settings","P1","数据库行级审计默认挂在 404 张表上: 76% 的量来自派生计算表, 21.6% 的 UPDATE 前后完全相同","02-审计发现全集.md:672","R6.03 / R1.07","已有修复待回归(仅源码核验)","server/src/main/resources/db/migration/V670__audit_three_list_policy_change_only_rows.sql:209-231,320-408,514-524; server/src/test/java/com/uten/imp/migration/AuditTriggerCoveragePostgresTest.java | 行审计已三清单、UPDATE仅变化键并以WHEN筛空变化，派生表不再默认全审；后续新增表覆盖及真正写放大仍待运行。","复核中","核验基线d1bbfb7f；历史修复提交尚未逐项追溯，本轮不继承旧运行结论","待执行:人工/自动/失败事件分类、模拟身份、设置读写生效、归档/冻结/销毁与恢复门禁；本子任务未运行上述验证","未运行；旧耗时与修复收益不可作为当前结果","2026-09-30","现有修复回归/旧结论裁决/运行探查；按本轮承接，不计入135项实施根因分母"
"audit-retention-settings-02","audit:audit-retention-settings","P1","「自动退出登录」只在前端计时: 服务端不执行空闲超时, 登出不作废 access token, refresh 滑动续期没有绝对上限","02-审计发现全集.md:680","R6.02","已有修复待回归(仅源码核验)","server/src/main/java/com/uten/imp/features/auth/AuthSessionService.java:103-197,229-291; server/src/test/java/com/uten/imp/businesschain/SessionIdleEnforcementPostgresTest.java | auth_sessions已维护吊销/空闲/绝对期限，旧只有前端会话控制结论失效；需登出/撤权/刷新跨路径测试。","复核中","核验基线d1bbfb7f；历史修复提交尚未逐项追溯，本轮不继承旧运行结论","待执行:人工/自动/失败事件分类、模拟身份、设置读写生效、归档/冻结/销毁与恢复门禁；本子任务未运行上述验证","未运行；旧耗时与修复收益不可作为当前结果","2026-09-30","现有修复回归/旧结论裁决/运行探查；按本轮承接，不计入135项实施根因分母"
"audit-retention-settings-03","audit:audit-retention-settings","P1","权限变更、账号状态、审批/反审核等关键动作没有语义化业务事件, 只能靠 HTTP 路径猜测加行级差异拼出来","02-审计发现全集.md:688","R6.03","部分解决(仅源码核验)","server/src/main/java/com/uten/imp/features/admin/PermissionChangeAudit.java; server/src/main/java/com/uten/imp/features/admin/DepartmentPermissionAdminService.java:44,142-160; server/src/main/java/com/uten/imp/features/admin/UserAccountAdminService.java:273; server/src/main/java/com/uten/imp/audit/AuditAutomaticWrite.java | 已有PermissionChangeAudit、账号语义事件和自动写审计，旧完全没有语义事件不成立；新动作/反审覆盖需目录逐项测试。","复核中","核验基线d1bbfb7f；历史修复提交尚未逐项追溯，本轮不继承旧运行结论","待执行:人工/自动/失败事件分类、模拟身份、设置读写生效、归档/冻结/销毁与恢复门禁；本子任务未运行上述验证","未运行；旧耗时与修复收益不可作为当前结果","2026-09-30","W09 审计、设置生效和错误追踪 | R6.03 / R2.05"
"audit-retention-settings-04","audit:audit-retention-settings","P2","请求审计降噪靠手工维护的路径清单, 持续漏登; 每个 401 写两行; 静默轮询被记成「查看详情」业务事件","02-审计发现全集.md:696","R6.03","已有修复待回归(仅源码核验)","server/src/main/java/com/uten/imp/audit/UserOperationAuditInterceptor.java:105-112; server/src/main/java/com/uten/imp/audit/AuditEventThrottle.java:49-70; server/src/main/java/com/uten/imp/audit/AuditRequestContext.java | 审计由请求语义和AuditedRead分类，匿名/会话固定窗限量；需401去重和自动详情访问回归。","复核中","核验基线d1bbfb7f；历史修复提交尚未逐项追溯，本轮不继承旧运行结论","待执行:人工/自动/失败事件分类、模拟身份、设置读写生效、归档/冻结/销毁与恢复门禁；本子任务未运行上述验证","未运行；旧耗时与修复收益不可作为当前结果","2026-09-30","现有修复回归/旧结论裁决/运行探查；按本轮承接，不计入135项实施根因分母"
"audit-retention-settings-05","audit:audit-retention-settings","P2","风险等级在三处分别计算, 口径已经漂移: 界面显示「中风险」的行按中风险筛不出来, 风险汇总要全表扫描并解析 JSON","02-审计发现全集.md:704","R6.03","已有修复待回归(仅源码核验)","server/src/main/java/com/uten/imp/audit/AuditClassifier.java:11-19,98-99; server/src/main/java/com/uten/imp/audit/AuditQueryService.java | AuditClassifier已写入risk_level/event_category供查询，旧三份风险重复推导核心已收口；历史分类兼容及界面筛选等价需回归。","复核中","核验基线d1bbfb7f；历史修复提交尚未逐项追溯，本轮不继承旧运行结论","待执行:人工/自动/失败事件分类、模拟身份、设置读写生效、归档/冻结/销毁与恢复门禁；本子任务未运行上述验证","未运行；旧耗时与修复收益不可作为当前结果","2026-09-30","现有修复回归/旧结论裁决/运行探查；按本轮承接，不计入135项实施根因分母"
"audit-retention-settings-06","audit:audit-retention-settings","P2","审计清理: 成功不留痕、没有真库测试、dev 上证明不了在跑; 没有分区, 归档仍留在同一库, 省不下空间","02-审计发现全集.md:712","R4.02 / R4.04","部分解决(仅源码核验)","server/src/main/resources/db/migration/V671__audit_log_monthly_partitions_append_only.sql:22-41,221-236,274-335; server/src/test/java/com/uten/imp/audit/AuditRetentionPostgresTest.java | 月分区、成功事件和真库测试已存在，旧逐行归档/无成功证据判断失效；同库归档及过期DROP无外部可恢复包门禁仍存。 | 候选实施跟进：V762停止未经分类的整月销毁，保留正常归档、ACL和5秒锁等待；8PG+2调度器通过。分类冻结/压缩恢复/合法销毁完整底座及公司安装仍未完成。见270-V762混合审计证据保全.md。","局部已验证，整体待收口","核验基线d1bbfb7f；历史修复提交尚未逐项追溯，本轮不继承旧运行结论","待执行:人工/自动/失败事件分类、模拟身份、设置读写生效、归档/冻结/销毁与恢复门禁；本子任务未运行上述验证 | 候选实施跟进：V762停止未经分类的整月销毁，保留正常归档、ACL和5秒锁等待；8PG+2调度器通过。分类冻结/压缩恢复/合法销毁完整底座及公司安装仍未完成。见270-V762混合审计证据保全.md。","未运行；旧耗时与修复收益不可作为当前结果","2026-09-30","W17 保留、死信、防重证据与可恢复销毁 | R4.01-R4.07 / R5.01-R5.04"
"audit-retention-settings-07","audit:audit-retention-settings","P2","审计表防篡改缺失: 运行账号对 audit_log/audit_log_archive 有 UPDATE/DELETE/TRUNCATE 权限, 分类触发器也允许 UPDATE","02-审计发现全集.md:720","R4.02 / R6.03","已有修复待回归(仅源码核验)","server/src/main/resources/db/migration/V671__audit_log_monthly_partitions_append_only.sql:69-100 | V671已运行角色撤销改删截断、追加守卫与受控留存函数；需现库角色与分区继承权限测试。","复核中","核验基线d1bbfb7f；历史修复提交尚未逐项追溯，本轮不继承旧运行结论","待执行:人工/自动/失败事件分类、模拟身份、设置读写生效、归档/冻结/销毁与恢复门禁；本子任务未运行上述验证","未运行；旧耗时与修复收益不可作为当前结果","2026-09-30","现有修复回归/旧结论裁决/运行探查；按本轮承接，不计入135项实施根因分母"
"audit-retention-settings-08","audit:audit-retention-settings","P2","其它会无限增长的表没有清理任务, business_outbox 的死信也没人监控","02-审计发现全集.md:728","R4.01 / R6.03","当前仍存(仅源码核验)","server/src/main/java/com/uten/imp/features/notice/outbox/BusinessOutboxPublisher.java:89-115; server/src/main/java/com/uten/imp/features/notice/outbox/BusinessOutboxFailureRecorder.java:18,30-40; server/src/main/java/com/uten/imp/features/admin/serverstatus/ServerStatusProbe.java:369-395 | 未找到refresh_tokens/auth_sessions/business_outbox统一清理与防重凭据保留策略；Outbox已有积压监控却漏status2死信，不能全删成功行破坏dedupe。 | 候选跟进(未运行未安装):ServerStatusProbe.java:376-400已增status=2数量、未解决总数和任意死信WARNING；V761__business_outbox_dead_letter_visibility_index.sql增status=2部分索引。保留/防重瘦身合同尚未实施，原结论不因该候选整体关闭。 | 候选实施跟进：死信数量至少WARNING与最终V761索引已定向验证；永久防重身份保留，未自动重放或清理事件。其余任务/持久证据策略仍未完成。见15回执。","局部已验证，整体待收口","核验基线d1bbfb7f；历史修复提交尚未逐项追溯，本轮不继承旧运行结论","待执行:人工/自动/失败事件分类、模拟身份、设置读写生效、归档/冻结/销毁与恢复门禁；本子任务未运行上述验证 | 候选实施跟进：死信数量至少WARNING与最终V761索引已定向验证；永久防重身份保留，未自动重放或清理事件。其余任务/持久证据策略仍未完成。见15回执。","未运行；旧耗时与修复收益不可作为当前结果","2026-09-30","W17 保留、死信、防重证据与可恢复销毁 | R4.01-R4.07 / R5.01-R5.04"
"audit-retention-settings-09","audit:audit-retention-settings","P2","系统设置没有统一登记: 默认值分散且和库里不一致, yml 有 10 个死字段, impersonation_window_minutes 有读取没有数据行, 改不了","02-审计发现全集.md:736","R6.03","已有修复待回归(仅源码核验)","server/src/main/java/com/uten/imp/features/admin/systemsetting/SystemSettingKey.java:17; server/src/main/resources/db/migration/V681__system_setting_registry.sql; server/src/main/java/com/uten/imp/features/admin/systemsetting/PublicSettingsController.java | SystemSettingKey统一键类型默认值边界与公共暴露，V681迁移已有；新AI/部署配置不当然属于同一可改设置域，需登记生效边界。","复核中","核验基线d1bbfb7f；历史修复提交尚未逐项追溯，本轮不继承旧运行结论","待执行:人工/自动/失败事件分类、模拟身份、设置读写生效、归档/冻结/销毁与恢复门禁；本子任务未运行上述验证","未运行；旧耗时与修复收益不可作为当前结果","2026-09-30","现有修复回归/旧结论裁决/运行探查；按本轮承接，不计入135项实施根因分母"
"audit-retention-settings-10","audit:audit-retention-settings","P3","系统设置有 4 条写入路径: 前端不用的单项 PUT(没有并发校验)、没有调用方的庆典设置 PUT、直接写仓库绕过服务的开关","02-审计发现全集.md:744","R6.03","部分解决(仅源码核验)","server/src/main/java/com/uten/imp/features/admin/systemsetting/SystemSettingsService.java:29,91-165; server/src/main/java/com/uten/imp/features/admin/systemsetting/SystemSettingController.java:44 | 旧单项/庆典独立写法已有集中治理，SystemSettingsService仍明确批量和受控系统写两条路径；按写入口/主体/乐观锁逐项验证，不能要求系统任务假扮管理员。","复核中","核验基线d1bbfb7f；历史修复提交尚未逐项追溯，本轮不继承旧运行结论","待执行:人工/自动/失败事件分类、模拟身份、设置读写生效、归档/冻结/销毁与恢复门禁；本子任务未运行上述验证","未运行；旧耗时与修复收益不可作为当前结果","2026-09-30","W09 审计、设置生效和错误追踪 | R6.03 / R2.05"
"audit-retention-settings-11","audit:audit-retention-settings","P3","主档导出无视 export_max_rows 设置: 6 处写死 10 万行, 分页循环复制了多份","02-审计发现全集.md:752","R2.06","需运行证实(仅源码核验)","server/src/main/java/com/uten/imp/application/port/ExportLimitPort.java; docs/99-决策记录-ADR/ADR-110-服务端会话与敏感操作再认证.md:3.5 | 已有ExportLimitPort与ADR110统一导出约定，但本轮尚未逐6主档及新表格导出路径证明实际行数上限，应HTTP导出边界复核。","复核中","核验基线d1bbfb7f；历史修复提交尚未逐项追溯，本轮不继承旧运行结论","待执行:人工/自动/失败事件分类、模拟身份、设置读写生效、归档/冻结/销毁与恢复门禁；本子任务未运行上述验证","未运行；旧耗时与修复收益不可作为当前结果","2026-09-30","现有修复回归/旧结论裁决/运行探查；按本轮承接，不计入135项实施根因分母"
"audit-retention-settings-12","audit:audit-retention-settings","P3","应该可配置却写死的值: 密码策略、临时密码有效期、附件大小(前端)、业务预警天数、轮询间隔","02-审计发现全集.md:760","R6.03","部分解决(仅源码核验)","server/src/main/java/com/uten/imp/features/admin/systemsetting/SystemSettingKey.java:35,87-98; lib/shared/badges/badge_summary_provider.dart:224; server/src/main/resources/db/migration/V730__retire_password_length_setting.sql | 临时密码/附件等限制已登记或公开下发，密码长度按用户要求退役；徽章provider仍固定60秒未读badgePollSeconds，须逐设置生效核对。 | 候选实施跟进：徽章消费服务端周期及本机保存刷新已修复，保存旧GET竞态/慢首读计时器反例红绿，4套件35项通过；其余设置全域验收仍未完成。见2026-09-30-公共运行时设置实际生效.md及15回执。","局部已验证，整体待收口","核验基线d1bbfb7f；历史修复提交尚未逐项追溯，本轮不继承旧运行结论","待执行:人工/自动/失败事件分类、模拟身份、设置读写生效、归档/冻结/销毁与恢复门禁；本子任务未运行上述验证 | 候选实施跟进：徽章消费服务端周期及本机保存刷新已修复，保存旧GET竞态/慢首读计时器反例红绿，4套件35项通过；其余设置全域验收仍未完成。见2026-09-30-公共运行时设置实际生效.md及15回执。","未运行；旧耗时与修复收益不可作为当前结果","2026-09-30","W09 审计、设置生效和错误追踪 | R6.03 / R2.05"
"audit-retention-settings-13","audit:audit-retention-settings","P3","还有第二套审计清理口径: server/ops/audit_retention.sql 按 180 天、一条大 INSERT 归档, 不理会系统设置","02-审计发现全集.md:768","R4.01","旧结论不成立(仅源码核验)","server/src/main/java/com/uten/imp/audit/AuditRetentionScheduler.java:20-27,44-47; server/src/main/resources/db/migration/V671__audit_log_monthly_partitions_append_only.sql:183 | 旧server/ops/audit_retention.sql在当前基线已不存在，不再有该独立180天脚本；现行留存改走V671函数，策略缺口另计。","复核中","核验基线d1bbfb7f；历史修复提交尚未逐项追溯，本轮不继承旧运行结论","待执行:人工/自动/失败事件分类、模拟身份、设置读写生效、归档/冻结/销毁与恢复门禁；本子任务未运行上述验证","未运行；旧耗时与修复收益不可作为当前结果","2026-09-30","现有修复回归/旧结论裁决/运行探查；按本轮承接，不计入135项实施根因分母"
"permissions-01","audit:permissions","P1","三条业务链路的权限码没人持有：退回供应商任务、IQC 不合格闭环、官网询盘只有超管能办","02-审计发现全集.md:780","R6.02","已有修复待回归(仅源码核验)","server/src/main/resources/db/migration/V677__permission_catalog_single_source.sql:200-210,272-273; server/src/main/java/com/uten/imp/features/rbac/PermissionGrantPolicyCatalog.java | V677已给供应商退回、IQC闭环等默认岗位并重建grant_policy；当前有效岗位/人员仍需真库核对，旧无人持码统计不能继承。","复核中","核验基线d1bbfb7f；历史修复提交尚未逐项追溯，本轮不继承旧运行结论","待执行:真实HTTP/导航的仅查看/仅办理/他人UUID/空归属/访客/代操作/撤权与批量负向；本子任务未运行上述验证","未运行；旧耗时与修复收益不可作为当前结果","2026-09-30","现有修复回归/旧结论裁决/运行探查；按本轮承接，不计入135项实施根因分母"
"permissions-02","audit:permissions","P1","财务部、总经办、人事部的部门权限矩阵在管理页保存必失败，这些码也没法对个人收回","02-审计发现全集.md:788","R6.02","已有修复待回归(仅源码核验)","server/src/main/java/com/uten/imp/features/admin/DepartmentPermissionAdminService.java:142-160,206-232 | 部门权限已按added/removed差量并校验新增、无变化零写，旧整体替换导致保存失败路径已替代；需现角色目录与原样保存回归。","复核中","核验基线d1bbfb7f；历史修复提交尚未逐项追溯，本轮不继承旧运行结论","待执行:真实HTTP/导航的仅查看/仅办理/他人UUID/空归属/访客/代操作/撤权与批量负向；本子任务未运行上述验证","未运行；旧耗时与修复收益不可作为当前结果","2026-09-30","现有修复回归/旧结论裁决/运行探查；按本轮承接，不计入135项实施根因分母"
"permissions-03","audit:permissions","P1","""能怎么授权""的规则写了 5 份，互相矛盾，而且服务端从不强制""一键全部授权""的排除规则","02-审计发现全集.md:796","R6.02","已有修复待回归(仅源码核验)","server/src/main/resources/db/migration/V677__permission_catalog_single_source.sql:247-282,393-466; server/src/main/java/com/uten/imp/features/rbac/GrantPolicy.java; server/src/test/java/com/uten/imp/security/PermissionGrantPolicyContractTest.java | 授权规则已集中grant_policy及GrantPolicy/目录服务，旧五份互相矛盾名单已被替代；须所有授予入口回归。","复核中","核验基线d1bbfb7f；历史修复提交尚未逐项追溯，本轮不继承旧运行结论","待执行:真实HTTP/导航的仅查看/仅办理/他人UUID/空归属/访客/代操作/撤权与批量负向；本子任务未运行上述验证","未运行；旧耗时与修复收益不可作为当前结果","2026-09-30","现有修复回归/旧结论裁决/运行探查；按本轮承接，不计入135项实施根因分母"
"permissions-04","audit:permissions","P1","hub 和工作台入口守卫是手写 any-of 清单，不是子卡守卫的并集：有权限的页面点不进去，测试又绕过了守卫","02-审计发现全集.md:804","R2.01 / R6.02","已有修复待回归(仅源码核验)","lib/core/router/hub_catalog.dart:3-15; lib/core/router/permission_by_path.dart:695-701 | hub目录与路由守卫已取子卡并集；需真实GoRouter与新增任务中心覆盖测试，不能仅静态集合通过。","复核中","核验基线d1bbfb7f；历史修复提交尚未逐项追溯，本轮不继承旧运行结论","待执行:真实HTTP/导航的仅查看/仅办理/他人UUID/空归属/访客/代操作/撤权与批量负向；本子任务未运行上述验证","未运行；旧耗时与修复收益不可作为当前结果","2026-09-30","现有修复回归/旧结论裁决/运行探查；按本轮承接，不计入135项实施根因分母"
"permissions-05","audit:permissions","P1","停用码还守着活端点，另有一批""兼容旧客户端""的端点固定抛错：连超管都调不通，全是死代码","02-审计发现全集.md:812","R6.02 / R6.06","部分解决(仅源码核验)","server/src/main/resources/db/migration/V677__permission_catalog_single_source.sql:19-30,378-385; server/src/test/java/com/uten/imp/security/PermissionGrantPolicyContractTest.java; lib/core/router/permission_by_path.dart | V677已删除旧停用/仅前端码和部分死端点；未证明新增路由全部双向强制和所有兼容墓碑清完，需要实际入口枚举。","复核中","核验基线d1bbfb7f；历史修复提交尚未逐项追溯，本轮不继承旧运行结论","待执行:真实HTTP/导航的仅查看/仅办理/他人UUID/空归属/访客/代操作/撤权与批量负向；本子任务未运行上述验证","未运行；旧耗时与修复收益不可作为当前结果","2026-09-30","W08 对象权限、动作能力和敏感数据边界 | R6.02 / R2.01"
"permissions-06","audit:permissions","P2","有些码只在前端生效：批量审核/删除计划、打印花名册、对账查看，服务端并不认；码对齐测试也只锁了一个方向","02-审计发现全集.md:820","R6.02 / R6.06","部分解决(仅源码核验)","server/src/main/resources/db/migration/V677__permission_catalog_single_source.sql:19-30,378-385; server/src/test/java/com/uten/imp/security/PermissionGrantPolicyContractTest.java; lib/core/router/permission_by_path.dart | V677已删除旧停用/仅前端码和部分死端点；未证明新增路由全部双向强制和所有兼容墓碑清完，需要实际入口枚举。","复核中","核验基线d1bbfb7f；历史修复提交尚未逐项追溯，本轮不继承旧运行结论","待执行:真实HTTP/导航的仅查看/仅办理/他人UUID/空归属/访客/代操作/撤权与批量负向；本子任务未运行上述验证","未运行；旧耗时与修复收益不可作为当前结果","2026-09-30","W08 对象权限、动作能力和敏感数据边界 | R6.02 / R2.01"
"permissions-07","audit:permissions","P2","文档说角色体系已下线，实际还在起作用：按角色群发通知不看权限、入职能指定角色、全员基础包在界面上改不了","02-审计发现全集.md:828","R6.02","已有修复待回归(仅源码核验)","server/src/main/resources/db/migration/V677__permission_catalog_single_source.sql:335-375; server/src/main/java/com/uten/imp/features/auth/PermissionResolver.java | V677迁移将角色授权迁入现行模型并删除4张角色表；当前SQL/通知入口须结构回归。","复核中","核验基线d1bbfb7f；历史修复提交尚未逐项追溯，本轮不继承旧运行结论","待执行:真实HTTP/导航的仅查看/仅办理/他人UUID/空归属/访客/代操作/撤权与批量负向；本子任务未运行上述验证","未运行；旧耗时与修复收益不可作为当前结果","2026-09-30","现有修复回归/旧结论裁决/运行探查；按本轮承接，不计入135项实施根因分母"
"permissions-08","audit:permissions","P2","工作台待办计数有两套规则并行：前端约 30 个计数源各自判断权限，服务端概览又按另一套口径再算一遍","02-审计发现全集.md:836","R2.03","已有修复待回归(仅源码核验)","lib/shared/badges/badge_summary_provider.dart:224-371; server/src/main/java/com/uten/imp/features/workbench/badge/WorkbenchBadgeController.java:13; docs/99-决策记录-ADR/ADR-108-前端性能徽章汇总会话快照与刷新时机.md:32 | 工作台徽章已统一为会话绑定的汇总provider；历史40路轮询叙述不再成立，当前静态仍固定60秒，设置生效另计。","复核中","核验基线d1bbfb7f；历史修复提交尚未逐项追溯，本轮不继承旧运行结论","待执行:真实HTTP/导航的仅查看/仅办理/他人UUID/空归属/访客/代操作/撤权与批量负向；本子任务未运行上述验证","未运行；旧耗时与修复收益不可作为当前结果","2026-09-30","现有修复回归/旧结论裁决/运行探查；按本轮承接，不计入135项实施根因分母"
"permissions-09","audit:permissions","P2","一个码同时管查看、放行、驳回、反审：出货财审和仓库销售出库没有拆分动作","02-审计发现全集.md:844","R6.02","已有修复待回归(仅源码核验)","lib/shared/auth/permissions.dart:287,409; server/src/main/resources/db/migration/V677__permission_catalog_single_source.sql:50-60; docs/99-决策记录-ADR/ADR-109-权限目录单一事实源与授权策略.md:3.2 | 财审view/approve/reject/reverse及仓库销售view/execute已独立码，需用仅view和仅execute身份回归每个HTTP入口。","复核中","核验基线d1bbfb7f；历史修复提交尚未逐项追溯，本轮不继承旧运行结论","待执行:真实HTTP/导航的仅查看/仅办理/他人UUID/空归属/访客/代操作/撤权与批量负向；本子任务未运行上述验证","未运行；旧耗时与修复收益不可作为当前结果","2026-09-30","现有修复回归/旧结论裁决/运行探查；按本轮承接，不计入135项实施根因分母"
"permissions-10","audit:permissions","P2","归属人为空按""全员可读""处理，系统生成的单据被故意写成空归属，绕过了对象级隔离","02-审计发现全集.md:852","R6.02","部分解决(仅源码核验)","server/src/main/java/com/uten/imp/security/DocumentAccessPolicy.java:22-25,74-107 | 公共DocumentAccessPolicy已拒绝null归属默认公开，系统池需显式声明；各模块旁路/迁移来源仍须逐接口验证。","复核中","核验基线d1bbfb7f；历史修复提交尚未逐项追溯，本轮不继承旧运行结论","待执行:真实HTTP/导航的仅查看/仅办理/他人UUID/空归属/访客/代操作/撤权与批量负向；本子任务未运行上述验证","未运行；旧耗时与修复收益不可作为当前结果","2026-09-30","W08 对象权限、动作能力和敏感数据边界 | R6.02 / R2.01"
"permissions-11","audit:permissions","P2","前端超管权限集合 = 服务端下发 ∪ 手写 211 个常量，里面还有停用码，是第三份权限清单","02-审计发现全集.md:860","R6.02","已有修复待回归(仅源码核验)","lib/shared/auth/permissions.dart:718-723 | 前端当前权限集合直接读user.permissions，不再与手写超管全集求并集。常量仍用于码引用，不等于另一授权来源。","复核中","核验基线d1bbfb7f；历史修复提交尚未逐项追溯，本轮不继承旧运行结论","待执行:真实HTTP/导航的仅查看/仅办理/他人UUID/空归属/访客/代操作/撤权与批量负向；本子任务未运行上述验证","未运行；旧耗时与修复收益不可作为当前结果","2026-09-30","现有修复回归/旧结论裁决/运行探查；按本轮承接，不计入135项实施根因分母"
"permissions-12","audit:permissions","P2","页面权限面(surface)目录与权限目录不同步：34 条指向停用或不可分配码，9 个可分配码不在任何面上","02-审计发现全集.md:868","R6.02","部分解决(仅源码核验)","server/src/main/resources/db/migration/V677__permission_catalog_single_source.sql:464-466; server/src/main/java/com/uten/imp/features/org/department/staffpermission/PermissionSurfaceRegistry.java; server/src/main/java/com/uten/imp/config/PlatformDisplayColumnsConfiguration.java | V677有surface grant-policy守卫且近期权限面仍修复；不能沿用34/9旧数，需当前目录/表面/控制器双向覆盖。","复核中","核验基线d1bbfb7f；历史修复提交尚未逐项追溯，本轮不继承旧运行结论","待执行:真实HTTP/导航的仅查看/仅办理/他人UUID/空归属/访客/代操作/撤权与批量负向；本子任务未运行上述验证","未运行；旧耗时与修复收益不可作为当前结果","2026-09-30","W08 对象权限、动作能力和敏感数据边界 | R6.02 / R2.01"
"permissions-13","audit:permissions","P2","外部访客登录后可以按部门翻出全公司员工名册","02-审计发现全集.md:876","R6.02","已有修复待回归(仅源码核验)","server/src/main/java/com/uten/imp/features/visitor/VisitorDirectoryController.java:23-29; server/src/main/java/com/uten/imp/features/visitor/VisitorDirectoryService.java:37-60; server/src/test/java/com/uten/imp/features/visitor/VisitorDirectoryControllerSecurityContractTest.java | 访客已有独立DirectoryController与限流关键词searchHosts，不再复用内部全部门名册；需空关键词/批枚举/工作人员权限负向测试。","复核中","核验基线d1bbfb7f；历史修复提交尚未逐项追溯，本轮不继承旧运行结论","待执行:真实HTTP/导航的仅查看/仅办理/他人UUID/空归属/访客/代操作/撤权与批量负向；本子任务未运行上述验证","未运行；旧耗时与修复收益不可作为当前结果","2026-09-30","现有修复回归/旧结论裁决/运行探查；按本轮承接，不计入135项实施根因分母"
"permissions-14","audit:permissions","P3","高危操作的门槛不一致：清空业务数据不用输密码，应收应付台账不要求全量范围码","02-审计发现全集.md:884","R6.02","已有修复待回归(仅源码核验)","server/src/main/java/com/uten/imp/features/admin/systemtest/SystemTestController.java:31,61,92; server/src/main/java/com/uten/imp/features/finance/arap/ArApLedgerController.java:44,72,92 | 业务清空已有step-up、台账已有finance:view:all叠加；两类动作各自做真实HTTP再认证/权限负向验证。","复核中","核验基线d1bbfb7f；历史修复提交尚未逐项追溯，本轮不继承旧运行结论","待执行:真实HTTP/导航的仅查看/仅办理/他人UUID/空归属/访客/代操作/撤权与批量负向；本子任务未运行上述验证","未运行；旧耗时与修复收益不可作为当前结果","2026-09-30","现有修复回归/旧结论裁决/运行探查；按本轮承接，不计入135项实施根因分母"
"permissions-15","audit:permissions","P3","按钮显隐两套做法并存：518 处前端本地判权限，另一部分用服务端下发的 allowedActions","02-审计发现全集.md:892","R2.01 / R6.02","部分解决(仅源码核验)","server/src/main/java/com/uten/imp/common/web/StandardDocumentLifecycleCapabilities.java:6-43; server/src/main/java/com/uten/imp/common/web/ImportedDocumentLifecycleCapabilities.java:10; server/src/main/java/com/uten/imp/security/DocumentAccessPolicy.java:101-117 | 服务端动作资格已有Standard/Imported生命周期接口与allowedActions使用点，尚未证明所有页面一致；不可把生命周期资格当完整对象授权。","复核中","核验基线d1bbfb7f；历史修复提交尚未逐项追溯，本轮不继承旧运行结论","待执行:真实HTTP/导航的仅查看/仅办理/他人UUID/空归属/访客/代操作/撤权与批量负向；本子任务未运行上述验证","未运行；旧耗时与修复收益不可作为当前结果","2026-09-30","W08 对象权限、动作能力和敏感数据边界 | R6.02 / R2.01"
"dup-frontend-split-01","audit:dup-frontend-split","P1","报表页整页复制 x8 (55-83% 相同) 且全部缺请求竞态守卫","02-审计发现全集.md:904","R2.07","部分解决(仅源码核验)","lib/features/finance/pages/finance_report_table_page.dart:207-235; lib/features/purchase/pages/purchase_report_table_page.dart; lib/features/subcontract/pages/subcontract_report_table_page.dart; lib/features/warehouse/pages/warehouse_report_table_page.dart | 报表页仍多家族独立实现，但财务_load已有generation竞态守卫，旧全部缺守卫结论不成立；需逐报表筛选切换/导出合同后共用骨架。","复核中","核验基线d1bbfb7f；历史修复提交尚未逐项追溯，本轮不继承旧运行结论","待执行:被替换UI的四态、表格编辑/选择/焦点/草稿、取消/冲突/结果未知、可达性及权限一致；本子任务未运行上述验证","未运行；旧耗时与修复收益不可作为当前结果","2026-09-30","W11 表格、分页、格式与状态公共内核 | R2.04 / R2.07 / R3.02"
"dup-frontend-split-02","audit:dup-frontend-split","P2","原因输入弹窗约 25 处各写一遍 (通用件藏在 production/widgets)，17 处在弹窗退场前就 dispose 了 controller","02-审计发现全集.md:912","R2.05","部分解决(仅源码核验)","lib/components/feedback/uten_batch_reject_dialog.dart:9,30-84; lib/features/production/widgets/material_required_reason_dialog.dart:12,47-61 | 公共批驳回与物料原因弹窗都已State自持并dispose controller，仍有分散原因框；旧17处提前释放须重新逐弹窗回归，不能直接沿用数字。","复核中","核验基线d1bbfb7f；历史修复提交尚未逐项追溯，本轮不继承旧运行结论","待执行:被替换UI的四态、表格编辑/选择/焦点/草稿、取消/冲突/结果未知、可达性及权限一致；本子任务未运行上述验证","未运行；旧耗时与修复收益不可作为当前结果","2026-09-30","W10 统一操作反馈、详情动作和恢复交互 | R2.05 / R2.07"
"dup-frontend-split-03","audit:dup-frontend-split","P1","四张分类主档页的右侧明细区整段复制; 批量启停/删除在前端逐条循环 (2N 次请求且吞错)","02-审计发现全集.md:920","R6.02 / R2.07","已有修复待回归(仅源码核验)","lib/features/basic_data/widgets/master_entity_detail_pane.dart; server/src/main/java/com/uten/imp/features/master/lifecycle/MasterLifecycleController.java:22-116; docs/99-决策记录-ADR/ADR-111-主档删除引用保护与批量原子命令.md | 已有master_entity_detail_pane与MasterLifecycleController多主档批启停/删除；需逐UI入口版本/引用/单事务逐项回执回归。 | 复核MasterLifecycleService:80-115/175-217:获准项提交，受阻项返回失败原因；BOM粘贴另有整批原子合同，不混同。","复核中","核验基线d1bbfb7f；历史修复提交尚未逐项追溯，本轮不继承旧运行结论","待执行:被替换UI的四态、表格编辑/选择/焦点/草稿、取消/冲突/结果未知、可达性及权限一致；本子任务未运行上述验证","未运行；旧耗时与修复收益不可作为当前结果","2026-09-30","现有修复回归/旧结论裁决/运行探查；按本轮承接，不计入135项实施根因分母"
"dup-frontend-split-04","audit:dup-frontend-split","P2","确认弹窗 85 处手写 AlertDialog，规范要求的 UtenDialog.show 只用了 44 处; 10 处删除按钮用裸 Colors.red","02-审计发现全集.md:928","R2.05 / R6.06","当前仍存(仅源码核验)","lib/components/feedback/uten_dialog.dart:9; lib/components/feedback/uten_batch_reject_dialog.dart:30; docs/02-组件库/UtenNotify.md:3-5 | UtenDialog仍只有show入口，原因/业务确认多处直接showDialog；应先明确业务弹窗与通知门面合同再归并，不仅替换组件名。","复核中","核验基线d1bbfb7f；历史修复提交尚未逐项追溯，本轮不继承旧运行结论","待执行:被替换UI的四态、表格编辑/选择/焦点/草稿、取消/冲突/结果未知、可达性及权限一致；本子任务未运行上述验证","未运行；旧耗时与修复收益不可作为当前结果","2026-09-30","W10 统一操作反馈、详情动作和恢复交互 | R2.05 / R2.07"
"dup-frontend-split-05","audit:dup-frontend-split","P2","采购/委外整套页面镜像复制约 3,300 行 (订货编辑页 74% 相同)","02-审计发现全集.md:936","R2.07 / R6.01","部分解决(仅源码核验)","lib/shared/widgets/procurement_commercial_grid.dart; lib/shared/repositories/procurement_terms_loader.dart; lib/features/purchase/pages/purchase_doc_list_page.dart; lib/features/subcontract/pages/subcontract_business_list_pages.dart | 采购委外仍独立页面族，共享procurement_commercial_grid/terms等已出现；不能沿用旧3300行重复率，按业务差异映射抽表单和办理骨架。","复核中","核验基线d1bbfb7f；历史修复提交尚未逐项追溯，本轮不继承旧运行结论","待执行:被替换UI的四态、表格编辑/选择/焦点/草稿、取消/冲突/结果未知、可达性及权限一致；本子任务未运行上述验证","未运行；旧耗时与修复收益不可作为当前结果","2026-09-30","W15 采购委外共享办理与表结构评估 | R2.07 / R6.01 / R6.05"
"dup-frontend-split-06","audit:dup-frontend-split","P2","客户/供应商选择器 84% 相同，分类树/部门树 71% 相同","02-审计发现全集.md:944","R2.07","部分解决(仅源码核验)","lib/shared/widgets/uten_hierarchy_tree_view.dart; lib/shared/hierarchy/category_tree_search.dart; lib/features/basic_data/widgets/master_entity_detail_pane.dart; lib/features/basic_data/widgets/product_category_picker_panel.dart | 已存在共享层级树、分类搜索与master详情板，客户供应商选择器是否仍镜像需逐实际入口比较，旧84/71百分比不沿用。","复核中","核验基线d1bbfb7f；历史修复提交尚未逐项追溯，本轮不继承旧运行结论","待执行:被替换UI的四态、表格编辑/选择/焦点/草稿、取消/冲突/结果未知、可达性及权限一致；本子任务未运行上述验证","未运行；旧耗时与修复收益不可作为当前结果","2026-09-30","W14 前端模块依赖、选择器与构建边界 | R2.07 / R6.06"
"dup-frontend-split-07","audit:dup-frontend-split","P2","单据详情页骨架在 6 页重复 (_KV/_kvRow 逐字相同，_doAction 同构)","02-审计发现全集.md:952","R2.05 / R2.07","部分解决(仅源码核验)","lib/components/layout/uten_bottom_action_bar.dart; lib/features/sales/pages/sales_doc_detail_page.dart:457-504; lib/features/warehouse/pages/stock_doc_detail_page.dart; server/src/main/java/com/uten/imp/common/web/StandardDocumentLifecycleCapabilities.java | 公共生命周期能力、底部操作栏、草稿/来源组件已有，详情页仍各自加载/动作编排；需抽展示与动作执行分别验证权限及结果未知。","复核中","核验基线d1bbfb7f；历史修复提交尚未逐项追溯，本轮不继承旧运行结论","待执行:被替换UI的四态、表格编辑/选择/焦点/草稿、取消/冲突/结果未知、可达性及权限一致；本子任务未运行上述验证","未运行；旧耗时与修复收益不可作为当前结果","2026-09-30","W10 统一操作反馈、详情动作和恢复交互 | R2.05 / R2.07"
"dup-frontend-split-08","audit:dup-frontend-split","P2","列表分页与四态: PagedListController 只有 7 页在用，56 个文件手写分页，另有 10 个私有翻页器","02-审计发现全集.md:960","R2.04","部分解决(仅源码核验)","lib/components/data_display/paged_list_controller.dart; lib/components/layout/uten_paged_grid.dart; lib/shared/models/paged_result.dart; lib/features/finance/pages/finance_report_table_page.dart:207-235 | 已有PagedListController/UtenPagedGrid/PagedResult，但报表与业务列表仍不同实现；逐入口核四态、排序、筛选及选择保留后收敛，不按旧56文件统计排工。","复核中","核验基线d1bbfb7f；历史修复提交尚未逐项追溯，本轮不继承旧运行结论","待执行:被替换UI的四态、表格编辑/选择/焦点/草稿、取消/冲突/结果未知、可达性及权限一致；本子任务未运行上述验证","未运行；旧耗时与修复收益不可作为当前结果","2026-09-30","W11 表格、分页、格式与状态公共内核 | R2.04 / R2.07 / R3.02"
"dup-frontend-split-09","audit:dup-frontend-split","P2","统一错误反馈执行器 guardAction 几乎没人用: 212 处手写 ApiException 分支，30 处吞掉服务端原因","02-审计发现全集.md:968","R2.05","部分解决(仅源码核验)","lib/features/basic_data/widgets/goods_bom_tab.dart:650-663; lib/core/network/api_error.dart; lib/features/sales/pages/sales_doc_detail_page.dart | guardAction已进入BOM批操作等路径，不再能称几乎无人使用；失败忙态/409恢复/取消语义仍需各动作矩阵统一，禁止吞服务端原因。","复核中","核验基线d1bbfb7f；历史修复提交尚未逐项追溯，本轮不继承旧运行结论","待执行:被替换UI的四态、表格编辑/选择/焦点/草稿、取消/冲突/结果未知、可达性及权限一致；本子任务未运行上述验证","未运行；旧耗时与修复收益不可作为当前结果","2026-09-30","W10 统一操作反馈、详情动作和恢复交互 | R2.05 / R2.07"
"dup-frontend-split-10","audit:dup-frontend-split","P2","日期/数量/金额格式化: 46 个私有 _fmt、298 处 toStringAsFixed、43 处整数去小数各写各的","02-审计发现全集.md:976","R3.02 / R2.07","部分解决(仅源码核验)","lib/shared/formatters/exact_decimal.dart; lib/shared/formatters/money_display.dart; lib/features/sales/models/sales_doc.dart:161-172 | 已有exact_decimal/money_display统一金融展示，sales_doc仍double格式化和私有状态工具；按金额/数量/重量不同精度合同治理。","复核中","核验基线d1bbfb7f；历史修复提交尚未逐项追溯，本轮不继承旧运行结论","待执行:被替换UI的四态、表格编辑/选择/焦点/草稿、取消/冲突/结果未知、可达性及权限一致；本子任务未运行上述验证","未运行；旧耗时与修复收益不可作为当前结果","2026-09-30","W11 表格、分页、格式与状态公共内核 | R2.04 / R2.07 / R3.02"
"dup-frontend-split-11","audit:dup-frontend-split","P2","财务三张审核详情页镜像 (采购订货审批 / 销售订单财务确认 / 出货财务审核)","02-审计发现全集.md:984","R2.07","当前仍存(仅源码核验)","lib/features/finance/pages/finance_procurement_approval_review_page.dart; lib/features/finance/pages/finance_sales_order_review_page.dart; lib/features/finance/pages/finance_sales_shipment_audit_review_page.dart; lib/shared/widgets/finance_review_claim_notice.dart | 采购审核/销售订单财审/出货财审仍独立详情页，共有认领提示而无完整统一审核骨架；抽取后保留各场景职责分离与版本确认。","复核中","核验基线d1bbfb7f；历史修复提交尚未逐项追溯，本轮不继承旧运行结论","待执行:被替换UI的四态、表格编辑/选择/焦点/草稿、取消/冲突/结果未知、可达性及权限一致；本子任务未运行上述验证","未运行；旧耗时与修复收益不可作为当前结果","2026-09-30","W10 统一操作反馈、详情动作和恢复交互 | R2.05 / R2.07"
"dup-frontend-split-12","audit:dup-frontend-split","P2","单据编辑页样板: 12 页各自按 id 拉员工档案补姓名，另有 9 份 _employeePicker、7 份 _finishCreated","02-审计发现全集.md:992","R2.05 / R2.07","部分解决(仅源码核验)","lib/shared/formatters/employee_display.dart; lib/shared/attachments/pending_attachment_flow.dart; lib/shared/drafts/form_draft_mixin.dart; lib/features/sales/pages/sales_doc_detail_page.dart:499-504 | 会话字典、员工展示器、草稿/新建附件流程已有，部分详情仍补人员名；编辑页初始化与创建后身份切换需逐入口统一。","复核中","核验基线d1bbfb7f；历史修复提交尚未逐项追溯，本轮不继承旧运行结论","待执行:被替换UI的四态、表格编辑/选择/焦点/草稿、取消/冲突/结果未知、可达性及权限一致；本子任务未运行上述验证","未运行；旧耗时与修复收益不可作为当前结果","2026-09-30","W10 统一操作反馈、详情动作和恢复交互 | R2.05 / R2.07"
"dup-frontend-split-13","audit:dup-frontend-split","P1","物料分析页: 12 个 part 文件共 19,863 行，靠 10 层抽象 State 继承拼成一个 State","02-审计发现全集.md:1000","R2.07 / R6.01","当前仍存(仅源码核验)","lib/features/production/pages/production_material_analysis_page.dart:88-102,124,239-291 | 物料分析仍通过15个part与共享State组织，虽有合批setState/局部改善，模块职责拆分未完成。旧行数不继续引用。","复核中","核验基线d1bbfb7f；历史修复提交尚未逐项追溯，本轮不继承旧运行结论","待执行:被替换UI的四态、表格编辑/选择/焦点/草稿、取消/冲突/结果未知、可达性及权限一致；本子任务未运行上述验证","未运行；旧耗时与修复收益不可作为当前结果","2026-09-30","W12 物料分析前端职责和增量响应 | R2.03 / R2.07"
"dup-frontend-split-14","audit:dup-frontend-split","P2","到货登记与产成品登记: 单张页和批量页各一套实现 (65% / 44% 相同)","02-审计发现全集.md:1008","R1.06 / R2.07","当前仍存(仅源码核验)","lib/features/warehouse/pages/warehouse_arrival_receipt_page.dart; lib/features/warehouse/pages/warehouse_arrival_batch_receipt_page.dart; lib/features/warehouse/pages/production_finished_arrival_registration_page.dart; lib/features/warehouse/pages/production_finished_arrival_batch_registration_page.dart; lib/features/warehouse/models/arrival_form_draft_codec.dart | 到货与产成品登记仍各有单张/批量页面，已有arrival draft codec但未见整页共用办理模型；需逐来源版本/仓位/重量/原子边界再合。","复核中","核验基线d1bbfb7f；历史修复提交尚未逐项追溯，本轮不继承旧运行结论","待执行:被替换UI的四态、表格编辑/选择/焦点/草稿、取消/冲突/结果未知、可达性及权限一致；本子任务未运行上述验证","未运行；旧耗时与修复收益不可作为当前结果","2026-09-30","W15 采购委外共享办理与表结构评估 | R2.07 / R6.01 / R6.05"
"dup-frontend-split-15","audit:dup-frontend-split","P2","状态显示: 约 99 个前端状态->文案/颜色映射函数，两套徽章组件并存","02-审计发现全集.md:1016","R2.01 / R2.07","部分解决(仅源码核验)","lib/shared/badges/badge_registry.dart; lib/features/sales/models/sales_doc.dart:53,172,224-286; lib/components/data_display/uten_doc_status_pill.dart | 徽章目录已统一，但状态文案/颜色/阶段函数仍分散于业务模型，不能把所有状态码机械放全局enum；按同业务状态源统一。","复核中","核验基线d1bbfb7f；历史修复提交尚未逐项追溯，本轮不继承旧运行结论","待执行:被替换UI的四态、表格编辑/选择/焦点/草稿、取消/冲突/结果未知、可达性及权限一致；本子任务未运行上述验证","未运行；旧耗时与修复收益不可作为当前结果","2026-09-30","W11 表格、分页、格式与状态公共内核 | R2.04 / R2.07 / R3.02"
"dup-frontend-split-16","audit:dup-frontend-split","P2","按钮可见性 (状态 x 权限) 在前端 93 个文件重复推导，服务端 allowedActions 只覆盖部分模块","02-审计发现全集.md:1024","R2.01 / R6.02","部分解决(仅源码核验)","server/src/main/java/com/uten/imp/common/web/StandardDocumentLifecycleCapabilities.java:6-43; server/src/main/java/com/uten/imp/common/web/ImportedDocumentLifecycleCapabilities.java:10; server/src/main/java/com/uten/imp/security/DocumentAccessPolicy.java:101-117 | 服务端动作资格已有Standard/Imported生命周期接口与allowedActions使用点，尚未证明所有页面一致；不可把生命周期资格当完整对象授权。","复核中","核验基线d1bbfb7f；历史修复提交尚未逐项追溯，本轮不继承旧运行结论","待执行:被替换UI的四态、表格编辑/选择/焦点/草稿、取消/冲突/结果未知、可达性及权限一致；本子任务未运行上述验证","未运行；旧耗时与修复收益不可作为当前结果","2026-09-30","W08 对象权限、动作能力和敏感数据边界 | R6.02 / R2.01"
"dup-frontend-split-17","audit:dup-frontend-split","P2","三套主档名称字典服务在前端解析 id->名称","02-审计发现全集.md:1032","R2.03","已有修复待回归(仅源码核验)","lib/shared/providers/master_dictionary_repository.dart:65-85; docs/99-决策记录-ADR/ADR-108-前端性能徽章汇总会话快照与刷新时机.md:2.7 | 已有会话级MasterDictionaryRepository及写后按字典失效，原多服务各缓存一份核心已替代；跨标签页/切人仍需回归。","复核中","核验基线d1bbfb7f；历史修复提交尚未逐项追溯，本轮不继承旧运行结论","待执行:被替换UI的四态、表格编辑/选择/焦点/草稿、取消/冲突/结果未知、可达性及权限一致；本子任务未运行上述验证","未运行；旧耗时与修复收益不可作为当前结果","2026-09-30","现有修复回归/旧结论裁决/运行探查；按本轮承接，不计入135项实施根因分母"
"dup-frontend-split-18","audit:dup-frontend-split","P3","页内提示框约 30 个私有实现，公共 UtenInlineNotice 只有 6 个文件在用","02-审计发现全集.md:1040","R2.07","需运行证实(仅源码核验)","lib/components/feedback/uten_inline_notice.dart; docs/02-组件库/组件总览.md; R2.07 | 已有公共UtenInlineNotice，旧只有6文件使用的计数不可沿用；需对同语义提示的组件用法而非任意私有卡片做普查。","复核中","核验基线d1bbfb7f；历史修复提交尚未逐项追溯，本轮不继承旧运行结论","待执行:被替换UI的四态、表格编辑/选择/焦点/草稿、取消/冲突/结果未知、可达性及权限一致；本子任务未运行上述验证","未运行；旧耗时与修复收益不可作为当前结果","2026-09-30","现有修复回归/旧结论裁决/运行探查；按本轮承接，不计入135项实施根因分母"
"dup-frontend-split-19","audit:dup-frontend-split","P3","一个文件装了多个独立页面/面板，可零风险机械拆分","02-审计发现全集.md:1048","R2.07","当前仍存(仅源码核验)","lib/features/production/pages/production_material_analysis_page.dart:88-102,239-291; lib/features/basic_data/widgets/master_data_table_view.dart:2912,3453; lib/features/finance/pages/finance_report_table_page.dart:59-60 | 仍有大型宿主页及多part共享State，拆文件本身非零风险完成标准；应先按数据读取/编辑状态/动作/展示拆职责并保留widget行为测试。","复核中","核验基线d1bbfb7f；历史修复提交尚未逐项追溯，本轮不继承旧运行结论","待执行:被替换UI的四态、表格编辑/选择/焦点/草稿、取消/冲突/结果未知、可达性及权限一致；本子任务未运行上述验证","未运行；旧耗时与修复收益不可作为当前结果","2026-09-30","W12 物料分析前端职责和增量响应 | R2.03 / R2.07"
"dup-frontend-split-20","audit:dup-frontend-split","P2","两个表格组件各 2.6k-3.1k 行，且重复实现列布局、表头筛选、翻页","02-审计发现全集.md:1056","R2.04 / R2.07","部分解决(仅源码核验)","lib/features/basic_data/widgets/master_data_table_view.dart:1906-2040,2912; lib/components/layout/uten_editable_grid.dart; lib/shared/platform_tables/table_column_projection.dart | 主档表与编辑表仍各自大型实现，共用列/表头工具已扩展，布局和筛选状态机是否重复需结构对比后抽内核。","复核中","核验基线d1bbfb7f；历史修复提交尚未逐项追溯，本轮不继承旧运行结论","待执行:被替换UI的四态、表格编辑/选择/焦点/草稿、取消/冲突/结果未知、可达性及权限一致；本子任务未运行上述验证","未运行；旧耗时与修复收益不可作为当前结果","2026-09-30","W11 表格、分页、格式与状态公共内核 | R2.04 / R2.07 / R3.02"
"dup-frontend-split-21","audit:dup-frontend-split","P3","app_router.dart 1,845 行: 198 条路由写在一个 Provider 闭包里，另有两张平行登记表","02-审计发现全集.md:1064","R2.07","部分解决(仅源码核验)","lib/core/router/app_router.dart; lib/core/router/permission_by_path.dart:695-701; lib/core/router/hub_catalog.dart:15 | 路由与权限仍多表登记，但hub子卡并集已统一；app_router约2015行应按模块拆并保留深链/权限真实导航测试。","复核中","核验基线d1bbfb7f；历史修复提交尚未逐项追溯，本轮不继承旧运行结论","待执行:被替换UI的四态、表格编辑/选择/焦点/草稿、取消/冲突/结果未知、可达性及权限一致；本子任务未运行上述验证","未运行；旧耗时与修复收益不可作为当前结果","2026-09-30","W14 前端模块依赖、选择器与构建边界 | R2.07 / R6.06"
"dup-frontend-split-22","audit:dup-frontend-split","P3","production_repository.dart 2,102 行 (2 个仓库 + 12 个模型)，production_material_analysis.dart 模型 2,406 行 (35 个类)","02-审计发现全集.md:1072","R2.07","当前仍存(仅源码核验)","lib/features/production/repositories/production_repository.dart:86,2138; lib/features/production/models/production_material_analysis.dart:567,1340 | production_repository仍含计划和日报两个Repository，物料分析模型仍大聚合文件；按领域接口/模型职责拆分并保持序列化合同。","复核中","核验基线d1bbfb7f；历史修复提交尚未逐项追溯，本轮不继承旧运行结论","待执行:被替换UI的四态、表格编辑/选择/焦点/草稿、取消/冲突/结果未知、可达性及权限一致；本子任务未运行上述验证","未运行；旧耗时与修复收益不可作为当前结果","2026-09-30","W14 前端模块依赖、选择器与构建边界 | R2.07 / R6.06"
"dup-frontend-split-23","audit:dup-frontend-split","P3","巨型页面按区块拆分 (build 方法 400-870 行)","02-审计发现全集.md:1080","R2.07","当前仍存(仅源码核验)","lib/features/production/pages/production_material_analysis_page.dart:88-102,239-291; lib/features/basic_data/widgets/master_data_table_view.dart:2912,3453; lib/features/finance/pages/finance_report_table_page.dart:59-60 | 仍有大型宿主页及多part共享State，拆文件本身非零风险完成标准；应先按数据读取/编辑状态/动作/展示拆职责并保留widget行为测试。","复核中","核验基线d1bbfb7f；历史修复提交尚未逐项追溯，本轮不继承旧运行结论","待执行:被替换UI的四态、表格编辑/选择/焦点/草稿、取消/冲突/结果未知、可达性及权限一致；本子任务未运行上述验证","未运行；旧耗时与修复收益不可作为当前结果","2026-09-30","W12 物料分析前端职责和增量响应 | R2.03 / R2.07"
"dup-frontend-split-24","audit:dup-frontend-split","P3","Repository/模型 JSON 样板: 439 个手写 fromJson，15 个自定义分页类重复 PagedResult","02-审计发现全集.md:1088","R2.07 / R3.02","部分解决(仅源码核验)","lib/shared/models/paged_result.dart; lib/features/sales/models/sales_doc.dart; lib/features/production/models/production_material_analysis.dart:567 | PagedResult已存在但业务模型仍大量手写fromJson和num/double兜底；先定义必填/空值/精确十进制合同，不以生成代码量替代正确性。","复核中","核验基线d1bbfb7f；历史修复提交尚未逐项追溯，本轮不继承旧运行结论","待执行:被替换UI的四态、表格编辑/选择/焦点/草稿、取消/冲突/结果未知、可达性及权限一致；本子任务未运行上述验证","未运行；旧耗时与修复收益不可作为当前结果","2026-09-30","W11 表格、分页、格式与状态公共内核 | R2.04 / R2.07 / R3.02"
"dup-frontend-split-25","audit:dup-frontend-split","P3","分层倒挂: MasterDataTableView 放在 basic_data 却被 26 个模块使用; shared/components 反向依赖 features 共 46 处","02-审计发现全集.md:1096","R2.07","部分解决(仅源码核验)","lib/features/basic_data/widgets/master_data_table_view.dart:41; lib/shared/platform_tables/platform_table_controller.dart; lib/shared/platform_tables/platform_table_binding.dart | MasterDataTableView仍位于basic_data，但已有shared/platform_tables等共享内核；依赖倒挂需逐引用收敛，旧46处数字未复用。","复核中","核验基线d1bbfb7f；历史修复提交尚未逐项追溯，本轮不继承旧运行结论","待执行:被替换UI的四态、表格编辑/选择/焦点/草稿、取消/冲突/结果未知、可达性及权限一致；本子任务未运行上述验证","未运行；旧耗时与修复收益不可作为当前结果","2026-09-30","W14 前端模块依赖、选择器与构建边界 | R2.07 / R6.06"
"docs-01","audit:docs","P1","「最高优先级」准则索引含 5 处与现行代码相反的退役设计","02-审计发现全集.md:1110","R6.06","当前仍存(仅源码核验)","docs/00-项目准则/00-准则索引与开发清单.md:157; server/src/main/resources/db/migration/V670__audit_three_list_policy_change_only_rows.sql:320-408 | 准则索引157仍要求新表全量唯一AFTER ROW I/U/D，与V670三清单/COLUMN_SCOPED/NONE现行合同冲突；其余旧5处逐条再核对。","复核中","核验基线d1bbfb7f；历史修复提交尚未逐项追溯，本轮不继承旧运行结论","当前仅定向静态/路径检查；待执行:规则对照、ADR取代关系、路由/权限/组件目录与全量链接检查；本子任务未运行上述验证","未运行；旧耗时与修复收益不可作为当前结果","2026-09-30","W20 规范、现状、证据与链接收口 | R6.06 / R6.04"
"docs-02","audit:docs","P1","已退役的页面、路由和停用权限码在现行文档里仍被写成在用","02-审计发现全集.md:1129","R6.06","当前仍存(仅源码核验)","docs/03-页面/待审收件台.md:3-4; docs/03-页面/页面总览.md:76; server/src/main/resources/db/migration/V493__retire_review_inbox.sql | 待审收件台文档仍声称/reviews/inbox和review_inbox:view在用，页面总览76仍绿色，与退役迁移冲突。","复核中","核验基线d1bbfb7f；历史修复提交尚未逐项追溯，本轮不继承旧运行结论","当前仅定向静态/路径检查；待执行:规则对照、ADR取代关系、路由/权限/组件目录与全量链接检查；本子任务未运行上述验证","未运行；旧耗时与修复收益不可作为当前结果","2026-09-30","W20 规范、现状、证据与链接收口 | R6.06 / R6.04"
"docs-03","audit:docs","P1","「当前状态」有三个互相竞争的入口,56 份文档写着过期迁移头,45 份 ADR 状态行写着部署状态","02-审计发现全集.md:1145","R6.06","部分解决(仅源码核验)","docs/README.md:3-5,19,54-58; docs/99-项目治理/全平台整改交接/01-交接总览.md:第一阶段收尾 | docs/README已明确不维护当前版本/通过数量并分离规则、历史证据；旧交接和部署页仍存在历史快照，需逐处标边界而非删除事故记录。","复核中","核验基线d1bbfb7f；历史修复提交尚未逐项追溯，本轮不继承旧运行结论","当前仅定向静态/路径检查；待执行:规则对照、ADR取代关系、路由/权限/组件目录与全量链接检查；本子任务未运行上述验证","未运行；旧耗时与修复收益不可作为当前结果","2026-09-30","W20 规范、现状、证据与链接收口 | R6.06 / R6.04"
"docs-04","audit:docs","P2","没有文档守卫:ADR 索引、页面总览、实体字典、断链全靠人工维护","02-审计发现全集.md:1161","R6.06","部分解决(仅源码核验)","server/src/test/java/com/uten/imp/architecture/ProcurementFinancePermissionDocumentationContractTest.java; docs/99-决策记录-ADR/ADR-098-委外允许损耗与回厂短交判定.md:11-14; docs/99-决策记录-ADR/ADR-101-委外单一子层级按到货解锁与容差自动结案.md:10,18,240 | 有特定权限文档契约测试，但未发现覆盖ADR目录/相对链接/组件目录的统一门禁；本轮只读ADR路径扫描已检出6个缺目标候选。","复核中","核验基线d1bbfb7f；历史修复提交尚未逐项追溯，本轮不继承旧运行结论","当前仅定向静态/路径检查；待执行:规则对照、ADR取代关系、路由/权限/组件目录与全量链接检查；本子任务未运行上述验证","未运行；旧耗时与修复收益不可作为当前结果","2026-09-30","W20 规范、现状、证据与链接收口 | R6.06 / R6.04"
"docs-05","audit:docs","P2","ADR 取代关系只写正向,7 份被改写的旧 ADR 没有反向标注;索引漏 3 份且排序混乱","02-审计发现全集.md:1182","R6.06","需运行证实(仅源码核验)","docs/99-决策记录-ADR/README.md:3-9; docs/99-决策记录-ADR/ADR-129-BOM设计使用数量与真实使用数量.md; docs/99-决策记录-ADR/ADR-119-底层自制实际领料与BOM累计学习.md | ADR索引已到138且有取代标记制度；旧漏3/7份未反标数量不能沿用。须构建取代关系/索引逐项比对后改文档。","复核中","核验基线d1bbfb7f；历史修复提交尚未逐项追溯，本轮不继承旧运行结论","当前仅定向静态/路径检查；待执行:规则对照、ADR取代关系、路由/权限/组件目录与全量链接检查；本子任务未运行上述验证","未运行；旧耗时与修复收益不可作为当前结果","2026-09-30","现有修复回归/旧结论裁决/运行探查；按本轮承接，不计入135项实施根因分母"
"docs-06","audit:docs","P2","生产物料分析页.md(133KB)按日期追加 14 段,正文前后矛盾;03-页面整体是变更日志形态","02-审计发现全集.md:1200","R6.06","旧结论不成立(仅源码核验)","docs/03-页面/生产物料分析页.md:1,9,44,54,81,90,109,119,133; docs/README.md:17 | 物料分析页面文档已重写为员工流程/数量/输入/三个桶等简洁合同，旧708行14段追加结构不再存在；全03目录仍需其他页面核对。","复核中","核验基线d1bbfb7f；历史修复提交尚未逐项追溯，本轮不继承旧运行结论","当前仅定向静态/路径检查；待执行:规则对照、ADR取代关系、路由/权限/组件目录与全量链接检查；本子任务未运行上述验证","未运行；旧耗时与修复收益不可作为当前结果","2026-09-30","现有修复回归/旧结论裁决/运行探查；按本轮承接，不计入135项实施根因分母"
"docs-07","audit:docs","P2","99-项目治理:47 份日期型一次性报告(764KB)应合并为两份摘要,长期规则应迁入准则或 SOP","02-审计发现全集.md:1214","R6.06","部分解决(仅源码核验)","docs/README.md:5,19,55,58; docs/99-项目治理/全平台整改交接/01-交接总览.md:部署事故 | 治理报告仍按日期保留，但README已区分专题规则与版本证据；不采纳把所有报告机械合成两份的旧建议，须保留事故/失败/部署可追溯性。","复核中","核验基线d1bbfb7f；历史修复提交尚未逐项追溯，本轮不继承旧运行结论","当前仅定向静态/路径检查；待执行:规则对照、ADR取代关系、路由/权限/组件目录与全量链接检查；本子任务未运行上述验证","未运行；旧耗时与修复收益不可作为当前结果","2026-09-30","W20 规范、现状、证据与链接收口 | R6.06 / R6.04"
"docs-08","audit:docs","P2","现行业务规则住在验收报告里:README 业务索引有 5 行把规则来源指向 99 报告,07 也混着方案稿和测试记录","02-审计发现全集.md:1233","R6.06","部分解决(仅源码核验)","docs/README.md:36,38-40,42; docs/07-业务链路/03-续作指引.md | README业务规则列仍有部分指向99验收报告，虽已写证据边界，长期规则归属仍需搬至SOP/ADR并留原报告引用。","复核中","核验基线d1bbfb7f；历史修复提交尚未逐项追溯，本轮不继承旧运行结论","当前仅定向静态/路径检查；待执行:规则对照、ADR取代关系、路由/权限/组件目录与全量链接检查；本子任务未运行上述验证","未运行；旧耗时与修复收益不可作为当前结果","2026-09-30","W20 规范、现状、证据与链接收口 | R6.06 / R6.04"
"docs-09","audit:docs","P2","01-规划:11 份里有 7 份是已完成或已作废的方案、交接,目录结构.md 内容失实","02-审计发现全集.md:1248","R6.06","部分解决(仅源码核验)","docs/01-规划/目录结构.md:1-4; docs/01-规划/2026-09-02-委外V458交接.md; docs/01-规划/2026-09-28-货品成本体系与成本页改版方案.md | 目录结构.md已改稳定职责而非逐文件清单；01规划仍保留旧委外交接/多份方案，需按现行/已取代分级而非按日期删除。","复核中","核验基线d1bbfb7f；历史修复提交尚未逐项追溯，本轮不继承旧运行结论","当前仅定向静态/路径检查；待执行:规则对照、ADR取代关系、路由/权限/组件目录与全量链接检查；本子任务未运行上述验证","未运行；旧耗时与修复收益不可作为当前结果","2026-09-30","W20 规范、现状、证据与链接收口 | R6.06 / R6.04"
"docs-10","audit:docs","P2","04-数据模型全靠手写:实体字典只覆盖 164/400 张表,ER 草图只有 9 张,49 张表在所有文档里都查不到","02-审计发现全集.md:1267","R6.05 / R6.06","需运行证实(仅源码核验)","docs/04-数据模型/实体字典.md:3-14; docs/数据迁移/README.md; R0.03/R6.05 | 实体字典已加入BOM新真源且声明历史头限制，仍为手写；474表等当前catalog与字典覆盖须按正式表/投影/内部队列分类重新核算。","复核中","核验基线d1bbfb7f；历史修复提交尚未逐项追溯，本轮不继承旧运行结论","当前仅定向静态/路径检查；待执行:规则对照、ADR取代关系、路由/权限/组件目录与全量链接检查；本子任务未运行上述验证","未运行；旧耗时与修复收益不可作为当前结果","2026-09-30","现有修复回归/旧结论裁决/运行探查；按本轮承接，不计入135项实施根因分母"
"docs-11","audit:docs","P2","同一个迁移在 5 处重复叙述;迁移说明编号有重号、跳号和乱序","02-审计发现全集.md:1285","R6.06","部分解决(仅源码核验)","docs/README.md:17,19,54; docs/数据迁移/README.md; docs/99-决策记录-ADR/ADR-104-追加自制并入未开工的生产计划.md | 迁移索引明确安装与源码不同，但仍在SQL/ADR/页面/索引多处记录同规则；旧V645示例行数失效，需唯一规范入口与来源链接收敛。","复核中","核验基线d1bbfb7f；历史修复提交尚未逐项追溯，本轮不继承旧运行结论","当前仅定向静态/路径检查；待执行:规则对照、ADR取代关系、路由/权限/组件目录与全量链接检查；本子任务未运行上述验证","未运行；旧耗时与修复收益不可作为当前结果","2026-09-30","W20 规范、现状、证据与链接收口 | R6.06 / R6.04"
"docs-12","audit:docs","P2","「数据迁移」目录混放三类内容:老库导入、功能笔记和路线图、Flyway 版本说明","02-审计发现全集.md:1303","R6.06","当前仍存(仅源码核验)","docs/数据迁移/README.md:1; server/legacy_migration/README.md; docs/README.md:54 | 数据迁移目录仍同时承载老库导入和大量逐Flyway版本说明；应目录职责和索引导航分层，不移动已应用SQL。","复核中","核验基线d1bbfb7f；历史修复提交尚未逐项追溯，本轮不继承旧运行结论","当前仅定向静态/路径检查；待执行:规则对照、ADR取代关系、路由/权限/组件目录与全量链接检查；本子任务未运行上述验证","未运行；旧耗时与修复收益不可作为当前结果","2026-09-30","W20 规范、现状、证据与链接收口 | R6.06 / R6.04"
"docs-13","audit:docs","P2","安全和权限规则分散在 8 份文档里互相重复,同一段 2026-09-19 小节被粘贴进 3 份后已各自改出差异","02-审计发现全集.md:1318","R6.06","需运行证实(仅源码核验)","docs/00-项目准则/10-安全准则.md; docs/05-架构/安全策略.md; docs/05-架构/权限体系总设计.md; docs/99-决策记录-ADR/ADR-110-服务端会话与敏感操作再认证.md | 安全准则/安全策略/权限总设计仍多处讲同主题，近期会话/再认证已改变口径；需按控制点逐条比对，不能仅重复章节名就删除。","复核中","核验基线d1bbfb7f；历史修复提交尚未逐项追溯，本轮不继承旧运行结论","当前仅定向静态/路径检查；待执行:规则对照、ADR取代关系、路由/权限/组件目录与全量链接检查；本子任务未运行上述验证","未运行；旧耗时与修复收益不可作为当前结果","2026-09-30","现有修复回归/旧结论裁决/运行探查；按本轮承接，不计入135项实施根因分母"
"docs-14","audit:docs","P2","用户反馈的调用入口,三份文档给出三种互相矛盾的规定","02-审计发现全集.md:1331","R6.06","当前仍存(仅源码核验)","docs/02-组件库/UtenNotify.md:3-5; docs/00-项目准则/00-准则索引与开发清单.md:108; docs/00-项目准则/09-组件库使用规范.md:49 | UtenNotify文档宣称所有弹窗唯一门面/禁止直接showDialog，准则108及组件规范49却允许appSuccess/Error，需明确通知门面与业务输入弹窗边界。","复核中","核验基线d1bbfb7f；历史修复提交尚未逐项追溯，本轮不继承旧运行结论","当前仅定向静态/路径检查；待执行:规则对照、ADR取代关系、路由/权限/组件目录与全量链接检查；本子任务未运行上述验证","未运行；旧耗时与修复收益不可作为当前结果","2026-09-30","W20 规范、现状、证据与链接收口 | R6.06 / R6.04"
"docs-15","audit:docs","P2","架构和准则文档里留着从未实现的设计草案和过期代码片段","02-审计发现全集.md:1346","R6.04 / R6.06","部分解决(仅源码核验)","website/deploy/README.md:195-200; website/deploy/paired_state.py:66-89,285-290,574-626; docs/05-架构/全局机制.md:3-13 | 部分架构文档已声明现行/历史边界，但仍可证明官网部署README把已实现schema/媒体账写为未实现；其余代码片段逐符号核对而非全删。","复核中","核验基线d1bbfb7f；历史修复提交尚未逐项追溯，本轮不继承旧运行结论","当前仅定向静态/路径检查；待执行:规则对照、ADR取代关系、路由/权限/组件目录与全量链接检查；本子任务未运行上述验证","未运行；旧耗时与修复收益不可作为当前结果","2026-09-30","W20 规范、现状、证据与链接收口 | R6.06 / R6.04"
"docs-16","audit:docs","P3","ADR 间 8 条真断链:同一编号在不同 ADR 里被写成不同标题","02-审计发现全集.md:1362","R6.06","当前仍存(仅源码核验)","docs/99-决策记录-ADR/ADR-098-委外允许损耗与回厂短交判定.md:11-14; docs/99-决策记录-ADR/ADR-101-委外单一子层级按到货解锁与容差自动结案.md:10,18,240 | 本轮只读扫描ADR相对.md目标找到6个缺目标候选并人工核对所列路径不存在，旧8条数不再沿用；修复必须找现行对应文档而非删除链接。","复核中","核验基线d1bbfb7f；历史修复提交尚未逐项追溯，本轮不继承旧运行结论","当前仅定向静态/路径检查；待执行:规则对照、ADR取代关系、路由/权限/组件目录与全量链接检查；本子任务未运行上述验证","未运行；旧耗时与修复收益不可作为当前结果","2026-09-30","W20 规范、现状、证据与链接收口 | R6.06 / R6.04"
"docs-17","audit:docs","P3","98-模块总结只有 2 份,内容与 03-页面、05-架构重复","02-审计发现全集.md:1374","R6.06","当前仍存(仅源码核验)","docs/98-模块总结/01-人事端代码总结.md; docs/98-模块总结/02-访客系统代码总结.md; docs/03-页面/访客预约系统.md | 98目录仍两个人事/访客代码总结，与页面/架构存在职责交叉；需摘取独有规则并留下历史证据，不能只因两份就删。","复核中","核验基线d1bbfb7f；历史修复提交尚未逐项追溯，本轮不继承旧运行结论","当前仅定向静态/路径检查；待执行:规则对照、ADR取代关系、路由/权限/组件目录与全量链接检查；本子任务未运行上述验证","未运行；旧耗时与修复收益不可作为当前结果","2026-09-30","W20 规范、现状、证据与链接收口 | R6.06 / R6.04"
"docs-18","audit:docs","P3","组件总览漏收约 19 个公共 Uten 组件","02-审计发现全集.md:1384","R6.06","部分解决(仅源码核验)","docs/02-组件库/组件总览.md; lib/components/layout/uten_editable_grid.dart:375-378; lib/components/feedback/uten_list_create_action.dart; lib/components/buttons/uten_app_bar_action_button.dart | 本轮按class Uten*与组件总览比对有46个名称未出现的候选(含内部helper/模型，不等于46个应登公共组件)，需筛公共API后补目录。","复核中","核验基线d1bbfb7f；历史修复提交尚未逐项追溯，本轮不继承旧运行结论","当前仅定向静态/路径检查；待执行:规则对照、ADR取代关系、路由/权限/组件目录与全量链接检查；本子任务未运行上述验证","未运行；旧耗时与修复收益不可作为当前结果","2026-09-30","W20 规范、现状、证据与链接收口 | R6.06 / R6.04"
"docs-19","audit:docs","P3","deploy/ 下留着约 196KB 已声明归档的旧发布链文档","02-审计发现全集.md:1392","R6.06","当前仍存(仅源码核验)","deploy/README.md:3-4; deploy/simple/RUNBOOK.zh-CN.md; deploy/postgres/backup/PAIRED_INTERNAL_BACKUP.zh-CN.md | deploy/README仍把整个目录声明归档，但其中当前simple和配套备份在用；先修范围声明和依赖使用图，不能整个deploy删除。","复核中","核验基线d1bbfb7f；历史修复提交尚未逐项追溯，本轮不继承旧运行结论","当前仅定向静态/路径检查；待执行:规则对照、ADR取代关系、路由/权限/组件目录与全量链接检查；本子任务未运行上述验证","未运行；旧耗时与修复收益不可作为当前结果","2026-09-30","W20 规范、现状、证据与链接收口 | R6.06 / R6.04"
"docs-20","audit:docs","P2","目录职责和编号混乱,整理后的推荐目录结构与迁移清单","02-审计发现全集.md:1400","R6.06","部分解决(仅源码核验)","docs/README.md:48-58; docs/99-决策记录-ADR/README.md; docs/数据迁移/README.md; docs/01-规划/目录结构.md | docs/README已给职责导航且分离规则/证据；目录编号仍保留99双目录、未编号迁移、98总结。重排仅在迁移链接和责任边界有收益时实施。","复核中","核验基线d1bbfb7f；历史修复提交尚未逐项追溯，本轮不继承旧运行结论","当前仅定向静态/路径检查；待执行:规则对照、ADR取代关系、路由/权限/组件目录与全量链接检查；本子任务未运行上述验证","未运行；旧耗时与修复收益不可作为当前结果","2026-09-30","W20 规范、现状、证据与链接收口 | R6.06 / R6.04"
"security-01","audit:security","P1","登录锁定期仍校验密码且区分返回码，锁定失效；初始密码=身份证后6位且永不过期，未激活账号可被接管","02-审计发现全集.md:1439","R6.02","已有修复待回归(仅源码核验)","server/src/main/java/com/uten/imp/features/auth/LoginService.java:83-126; server/src/main/java/com/uten/imp/features/admin/UserAccountAdminService.java:259-278; server/src/main/java/com/uten/imp/security/TemporaryPasswordGenerator.java | 登录临时锁内只跑dummy并同码拒绝；临时密码已有随机生成和期限。需账号状态矩阵回归，不沿用旧身份证初始凭据结论。","复核中","核验基线d1bbfb7f；历史修复提交尚未逐项追溯，本轮不继承旧运行结论","待执行:认证失败/撤权/吊销/再认证重放/并发哈希/访客枚举/脱敏审计/高危入口HTTP负向；本子任务未运行上述验证","未运行；旧耗时与修复收益不可作为当前结果","2026-09-30","现有修复回归/旧结论裁决/运行探查；按本轮承接，不计入135项实施根因分母"
"security-02","audit:security","P1","account:support 授给整个行政人力部：可重置任意非超管账号密码并拿到或自定明文临时密码，冒充财务审批人等，绕过职责分离","02-审计发现全集.md:1447","R6.02","已有修复待回归(仅源码核验)","server/src/main/java/com/uten/imp/features/auth/CredentialIssuancePolicy.java:39-56; server/src/main/java/com/uten/imp/features/admin/AdminUserSupport.java:19-51; docs/99-决策记录-ADR/ADR-110-服务端会话与敏感操作再认证.md | 账号支持通过目录策略限制授予，高危账号发凭据走CredentialIssuancePolicy；需实际低权限对高危目标验证。","复核中","核验基线d1bbfb7f；历史修复提交尚未逐项追溯，本轮不继承旧运行结论","待执行:认证失败/撤权/吊销/再认证重放/并发哈希/访客枚举/脱敏审计/高危入口HTTP负向；本子任务未运行上述验证","未运行；旧耗时与修复收益不可作为当前结果","2026-09-30","现有修复回归/旧结论裁决/运行探查；按本轮承接，不计入135项实施根因分母"
"security-03","audit:security","P1","Argon2 哈希无并发闸门且在事务内执行：未认证并发登录(含未知账号的 dummy 哈希)可打满堆内存或数据库连接池，导致整站不可用","02-审计发现全集.md:1455","R1.08 / R6.02","已有修复待回归(仅源码核验)","server/src/main/java/com/uten/imp/security/BoundedPasswordEncoder.java:23-77; server/src/main/java/com/uten/imp/features/auth/LoginService.java:26-98; server/src/main/java/com/uten/imp/features/auth/StaffLoginTransaction.java:53 | 已有Semaphore并发闸门、tryAcquire超时AUTH_BUSY及短事务登录服务拆分；容量和连接占用仍需运行测量。","复核中","核验基线d1bbfb7f；历史修复提交尚未逐项追溯，本轮不继承旧运行结论","待执行:认证失败/撤权/吊销/再认证重放/并发哈希/访客枚举/脱敏审计/高危入口HTTP负向；本子任务未运行上述验证","未运行；旧耗时与修复收益不可作为当前结果","2026-09-30","现有修复回归/旧结论裁决/运行探查；按本轮承接，不计入135项实施根因分母"
"security-04","audit:security","P2","二次密码确认是独立的「对/错」接口且无限次尝试；个人资料改手机号/姓名的密码门禁只在前端；改密旧密码、模拟身份进入、系统设置的密码校验都没有失败计数","02-审计发现全集.md:1463","R6.02","已有修复待回归(仅源码核验)","server/src/main/java/com/uten/imp/features/auth/StepUpService.java:101-175; server/src/main/java/com/uten/imp/features/auth/AuthSessionService.java:300-322; server/src/main/java/com/uten/imp/features/admin/AdminUserController.java:83-167; server/src/main/java/com/uten/imp/features/admin/impersonation/ImpersonationController.java:50-63 | 一步式再认证凭据核销与共享失败计数已有；权限/重置/模拟身份/设置控制器已标RequiresStepUp，仍须入口覆盖和重放测试。","复核中","核验基线d1bbfb7f；历史修复提交尚未逐项追溯，本轮不继承旧运行结论","待执行:认证失败/撤权/吊销/再认证重放/并发哈希/访客枚举/脱敏审计/高危入口HTTP负向；本子任务未运行上述验证","未运行；旧耗时与修复收益不可作为当前结果","2026-09-30","现有修复回归/旧结论裁决/运行探查；按本轮承接，不计入135项实施根因分母"
"security-05","audit:security","P2","最高危的授权操作(设/撤超管、部门权限、个人权限覆盖、远程访问、数据范围、重置密码、模拟身份开始)服务端没有任何再认证，低危的系统设置反而要密码","02-审计发现全集.md:1471","R6.02","已有修复待回归(仅源码核验)","server/src/main/java/com/uten/imp/features/auth/StepUpService.java:101-175; server/src/main/java/com/uten/imp/features/auth/AuthSessionService.java:300-322; server/src/main/java/com/uten/imp/features/admin/AdminUserController.java:83-167; server/src/main/java/com/uten/imp/features/admin/impersonation/ImpersonationController.java:50-63 | 一步式再认证凭据核销与共享失败计数已有；权限/重置/模拟身份/设置控制器已标RequiresStepUp，仍须入口覆盖和重放测试。","复核中","核验基线d1bbfb7f；历史修复提交尚未逐项追溯，本轮不继承旧运行结论","待执行:认证失败/撤权/吊销/再认证重放/并发哈希/访客枚举/脱敏审计/高危入口HTTP负向；本子任务未运行上述验证","未运行；旧耗时与修复收益不可作为当前结果","2026-09-30","现有修复回归/旧结论裁决/运行探查；按本轮承接，不计入135项实施根因分母"
"security-06","audit:security","P2","生产 profile 默认开启「清空业务数据」，只凭超管 token 加一句固定口令即可清空全部业务表，与控制器注释「生产 fail closed」不符","02-审计发现全集.md:1479","R6.06 / R7.05","旧结论不成立(仅源码核验)","server/src/main/java/com/uten/imp/features/admin/systemtest/SystemTestController.java:31,61,92; docs/99-决策记录-ADR/ADR-110-服务端会话与敏感操作再认证.md | 测试期业务清空为明确保留功能，并非未识别默认漏洞；现有专属权限和step-up。正式运营退役仍须R7上线门禁，不自动关闭或清库。","复核中","核验基线d1bbfb7f；历史修复提交尚未逐项追溯，本轮不继承旧运行结论","待执行:认证失败/撤权/吊销/再认证重放/并发哈希/访客枚举/脱敏审计/高危入口HTTP负向；本子任务未运行上述验证","未运行；旧耗时与修复收益不可作为当前结果","2026-09-30","现有修复回归/旧结论裁决/运行探查；按本轮承接，不计入135项实施根因分母"
"security-07","audit:security","P2","MRP/计划包/预排草案端点不校验生产计划的制单人对象范围，order-preview 不校验销售订单范围：无 view:all 的部门可按 ID 读取、甚至改写他人计划","02-审计发现全集.md:1487","R6.02","已有修复待回归(仅源码核验)","server/src/main/java/com/uten/imp/features/production/mrp/MrpController.java:37-124; server/src/main/java/com/uten/imp/security/DocumentAccessPolicy.java:101-117 | MRP/计划包控制器当前已逐入口requireReadable/requireWritable；对象范围负向和订单预览关联需真实HTTP回归，旧完全不守卫结论失效。","复核中","核验基线d1bbfb7f；历史修复提交尚未逐项追溯，本轮不继承旧运行结论","待执行:认证失败/撤权/吊销/再认证重放/并发哈希/访客枚举/脱敏审计/高危入口HTTP负向；本子任务未运行上述验证","未运行；旧耗时与修复收益不可作为当前结果","2026-09-30","现有修复回归/旧结论裁决/运行探查；按本轮承接，不计入135项实施根因分母"
"security-08","audit:security","P2","访客(任意手机号经短信验证码自助注册)可枚举全公司部门树和全部在职员工姓名、部门","02-审计发现全集.md:1495","R6.02","已有修复待回归(仅源码核验)","server/src/main/java/com/uten/imp/features/visitor/VisitorDirectoryController.java:23-29; server/src/main/java/com/uten/imp/features/visitor/VisitorDirectoryService.java:37-60; server/src/test/java/com/uten/imp/features/visitor/VisitorDirectoryControllerSecurityContractTest.java | 访客已有独立DirectoryController与限流关键词searchHosts，不再复用内部全部门名册；需空关键词/批枚举/工作人员权限负向测试。","复核中","核验基线d1bbfb7f；历史修复提交尚未逐项追溯，本轮不继承旧运行结论","待执行:认证失败/撤权/吊销/再认证重放/并发哈希/访客枚举/脱敏审计/高危入口HTTP负向；本子任务未运行上述验证","未运行；旧耗时与修复收益不可作为当前结果","2026-09-30","现有修复回归/旧结论裁决/运行探查；按本轮承接，不计入135项实施根因分母"
"security-09","audit:security","P2","会话吊销与时长只靠前端：登出不吊销 access token(克隆库 TTL 60 分钟，上限可设 30 天)，refresh 滑动续期无绝对上限，空闲超时只由前端计时","02-审计发现全集.md:1503","R6.02","已有修复待回归(仅源码核验)","server/src/main/java/com/uten/imp/features/auth/AuthSessionService.java:103-197,229-291; server/src/test/java/com/uten/imp/businesschain/SessionIdleEnforcementPostgresTest.java | auth_sessions已维护吊销/空闲/绝对期限，旧只有前端会话控制结论失效；需登出/撤权/刷新跨路径测试。","复核中","核验基线d1bbfb7f；历史修复提交尚未逐项追溯，本轮不继承旧运行结论","待执行:认证失败/撤权/吊销/再认证重放/并发哈希/访客枚举/脱敏审计/高危入口HTTP负向；本子任务未运行上述验证","未运行；旧耗时与修复收益不可作为当前结果","2026-09-30","现有修复回归/旧结论裁决/运行探查；按本轮承接，不计入135项实施根因分母"
"security-10","audit:security","P2","审计日志大量存完整手机号：约 90% 行的 actor_account 是 11 位手机号，users.login_account 前后快照也是明文；登录失败把原始输入的账号串直接落库","02-审计发现全集.md:1511","R6.03","已有修复待回归(仅源码核验)","server/src/main/java/com/uten/imp/audit/AuditService.java:430-439; server/src/main/java/com/uten/imp/audit/AuditAccountMask.java | 审计操作人来自verified context并统一脱敏账号、记录onBehalfOf；需模拟身份附件下载/失败登录持久数据验证。","复核中","核验基线d1bbfb7f；历史修复提交尚未逐项追溯，本轮不继承旧运行结论","待执行:认证失败/撤权/吊销/再认证重放/并发哈希/访客枚举/脱敏审计/高危入口HTTP负向；本子任务未运行上述验证","未运行；旧耗时与修复收益不可作为当前结果","2026-09-30","现有修复回归/旧结论裁决/运行探查；按本轮承接，不计入135项实施根因分母"
"security-11","audit:security","P2","每个未认证或失败请求都逐条写 audit_log(匿名 401 一次写 2 行，每行约 1.7KB)，叠加宽松的边缘限流，形成审计写放大 DoS","02-审计发现全集.md:1519","R6.03","已有修复待回归(仅源码核验)","server/src/main/java/com/uten/imp/audit/UserOperationAuditInterceptor.java:105-112; server/src/main/java/com/uten/imp/audit/AuditEventThrottle.java:49-70; server/src/main/java/com/uten/imp/audit/AuditRequestContext.java | 审计由请求语义和AuditedRead分类，匿名/会话固定窗限量；需401去重和自动详情访问回归。","复核中","核验基线d1bbfb7f；历史修复提交尚未逐项追溯，本轮不继承旧运行结论","待执行:认证失败/撤权/吊销/再认证重放/并发哈希/访客枚举/脱敏审计/高危入口HTTP负向；本子任务未运行上述验证","未运行；旧耗时与修复收益不可作为当前结果","2026-09-30","现有修复回归/旧结论裁决/运行探查；按本轮承接，不计入135项实施根因分母"
"security-12","audit:security","P2","模拟身份期间下载或预览附件，显式审计事件记在被模拟员工名下，审计归属失真","02-审计发现全集.md:1527","R6.03","已有修复待回归(仅源码核验)","server/src/main/java/com/uten/imp/audit/AuditService.java:430-439; server/src/main/java/com/uten/imp/audit/AuditAccountMask.java | 审计操作人来自verified context并统一脱敏账号、记录onBehalfOf；需模拟身份附件下载/失败登录持久数据验证。","复核中","核验基线d1bbfb7f；历史修复提交尚未逐项追溯，本轮不继承旧运行结论","待执行:认证失败/撤权/吊销/再认证重放/并发哈希/访客枚举/脱敏审计/高危入口HTTP负向；本子任务未运行上述验证","未运行；旧耗时与修复收益不可作为当前结果","2026-09-30","现有修复回归/旧结论裁决/运行探查；按本轮承接，不计入135项实施根因分母"
"security-13","audit:security","P3","登录限流器实现缺陷：先扣主体桶再扣 IP 桶，且满 5 万个桶就整体清空，单个 IP 可制造海量新主体来重置全部限流状态","02-审计发现全集.md:1535","R6.02","已有修复待回归(仅源码核验)","server/src/main/java/com/uten/imp/security/LoginRateLimiter.java:51-140 | LoginRateLimiter已有按访问过期清理而非整Map清空，主体key摘要；需IP/主体扣桶顺序和容量对抗测试。","复核中","核验基线d1bbfb7f；历史修复提交尚未逐项追溯，本轮不继承旧运行结论","待执行:认证失败/撤权/吊销/再认证重放/并发哈希/访客枚举/脱敏审计/高危入口HTTP负向；本子任务未运行上述验证","未运行；旧耗时与修复收益不可作为当前结果","2026-09-30","现有修复回归/旧结论裁决/运行探查；按本轮承接，不计入135项实施根因分母"
"security-14","audit:security","P3","PII 主密钥与明文每次作为 SQL 参数下发到 PostgreSQL(pgp_sym_encrypt(:plain,:key))，一旦开启慢语句/参数日志就会明文落盘","02-审计发现全集.md:1543","R6.02 / R7.04","当前仍存(仅源码核验)","server/src/main/java/com/uten/imp/security/TxSessionVars.java:260 | TxSessionVars.encrypt仍以plain/key参数调用pgp_sym_encrypt；本轮未查看参数日志或密钥，需在隔离环境证明脱敏日志和最小权限，随后评估应用层加密。","复核中","核验基线d1bbfb7f；历史修复提交尚未逐项追溯，本轮不继承旧运行结论","待执行:认证失败/撤权/吊销/再认证重放/并发哈希/访客枚举/脱敏审计/高危入口HTTP负向；本子任务未运行上述验证","未运行；旧耗时与修复收益不可作为当前结果","2026-09-30","W08 对象权限、动作能力和敏感数据边界 | R6.02 / R2.01"
"security-15","audit:security","P3","通知的回执人和祝福列表接口不校验通知可见性，按 UUID 可读取非本人通知的回执人姓名","02-审计发现全集.md:1551","R6.02","已有修复待回归(仅源码核验)","server/src/main/java/com/uten/imp/features/notice/NoticeService.java:598,618,1066 | 祝福列表和回执读取已调用requireVisible；需未授权UUID和代操作对象回归。","复核中","核验基线d1bbfb7f；历史修复提交尚未逐项追溯，本轮不继承旧运行结论","待执行:认证失败/撤权/吊销/再认证重放/并发哈希/访客枚举/脱敏审计/高危入口HTTP负向；本子任务未运行上述验证","未运行；旧耗时与修复收益不可作为当前结果","2026-09-30","现有修复回归/旧结论裁决/运行探查；按本轮承接，不计入135项实施根因分母"
"security-16","audit:security","P3","官网询盘 ingest 共享密钥没有强度门禁，错误密钥不限流；公网 permitAll 入口理论上可被暴力猜解","02-审计发现全集.md:1559","R6.02 / R6.04","已有修复待回归(仅源码核验)","server/src/main/java/com/uten/imp/config/ProductionSecretStrengthSafetyGate.java:41-42; server/src/main/java/com/uten/imp/features/webinquiry/WebsiteInquiryController.java:54-69; server/src/main/java/com/uten/imp/features/webinquiry/WebsiteInquiryIngestGuard.java:34-40 | prod安全门禁要求非空询盘密钥至少32位，controller先检查失败IP桶再常量时间token校验；无效失败计数已接入，部署值不读取。","复核中","核验基线d1bbfb7f；历史修复提交尚未逐项追溯，本轮不继承旧运行结论","待执行:认证失败/撤权/吊销/再认证重放/并发哈希/访客枚举/脱敏审计/高危入口HTTP负向；本子任务未运行上述验证","未运行；旧耗时与修复收益不可作为当前结果","2026-09-30","现有修复回归/旧结论裁决/运行探查；按本轮承接，不计入135项实施根因分母"
"security-17","audit:security","P3","生产 profile 没强制显式配置本地来源网段，默认放行全部 RFC1918 私网","02-审计发现全集.md:1567","R6.02 / R7.05","已有修复待回归(仅源码核验)","server/src/main/java/com/uten/imp/security/LocalNetworkAccessPolicy.java:21; server/src/main/java/com/uten/imp/config/props/DeploymentProperties.java:22-29 | LocalNetworkAccessPolicy明确prod必须显式来源网段；实际配置和代理信任边界未核验。","复核中","核验基线d1bbfb7f；历史修复提交尚未逐项追溯，本轮不继承旧运行结论","待执行:认证失败/撤权/吊销/再认证重放/并发哈希/访客枚举/脱敏审计/高危入口HTTP负向；本子任务未运行上述验证","未运行；旧耗时与修复收益不可作为当前结果","2026-09-30","现有修复回归/旧结论裁决/运行探查；按本轮承接，不计入135项实施根因分母"
"security-18","audit:security","P3","应收应付台账只要 ar_ap_ledger:view 就能看全部客户和供应商余额，没有对象范围(隐式 view-all)","02-审计发现全集.md:1575","R6.02","已有修复待回归(仅源码核验)","server/src/main/java/com/uten/imp/features/finance/arap/ArApLedgerController.java:32-44,72,92 | 应收应付台账读取/导出已同时要求ar_ap_ledger:view与finance:view:all，需方法代理与身份回归。","复核中","核验基线d1bbfb7f；历史修复提交尚未逐项追溯，本轮不继承旧运行结论","待执行:认证失败/撤权/吊销/再认证重放/并发哈希/访客枚举/脱敏审计/高危入口HTTP负向；本子任务未运行上述验证","未运行；旧耗时与修复收益不可作为当前结果","2026-09-30","现有修复回归/旧结论裁决/运行探查；按本轮承接，不计入135项实施根因分母"
"security-19","audit:security","P3","客户和供应商列表的手机、电话、银行账号筛选走 URL 查询串，会被 nginx 默认 access_log 连同 $request 一起记下","02-审计发现全集.md:1583","R6.02 / R7.05","已有修复待回归(仅源码核验)","server/src/main/java/com/uten/imp/features/master/client/ClientController.java:94-108,174-206; server/src/main/java/com/uten/imp/features/master/supplier/SupplierController.java:89-102,160-187 | 客户供应商手机号/电话/账号/关键词筛选转POST搜索/导出请求体，GET不再承载这些敏感值；实际nginx日志仍需验收。","复核中","核验基线d1bbfb7f；历史修复提交尚未逐项追溯，本轮不继承旧运行结论","待执行:认证失败/撤权/吊销/再认证重放/并发哈希/访客枚举/脱敏审计/高危入口HTTP负向；本子任务未运行上述验证","未运行；旧耗时与修复收益不可作为当前结果","2026-09-30","现有修复回归/旧结论裁决/运行探查；按本轮承接，不计入135项实施根因分母"
"dead-code-files-01","audit:dead-code-files","P1","本机工作区约 14GB 未入库垃圾：日志、失控测试日志、target-* 目录、代理会话草稿","02-审计发现全集.md:1607","R6.06","需运行证实(仅源码核验)","docs/99-项目治理/全平台整改交接/01-交接总览.md:本机仓库根清理; .gitignore:138-142; R6.06 | 历史14GB/27GB隔离记录不能当当前待删空间；本轮只查源码与受控worktree，不递归读取个人日志/原件。需生成路径/属主/大小/使用中清册后才可清理。","复核中","核验基线d1bbfb7f；历史修复提交尚未逐项追溯，本轮不继承旧运行结论","当前仅源码/使用线索核对；待执行:使用图、部署/导入/恢复依赖和材料属主清册，不实施删除；本子任务未运行上述验证","未运行；旧耗时与修复收益不可作为当前结果","2026-09-30","现有修复回归/旧结论裁决/运行探查；按本轮承接，不计入135项实施根因分母"
"dead-code-files-02","audit:dead-code-files","P1","【需用户确认】含业务数据、个人信息、凭据的本地备份散在仓库根和兄弟目录","02-审计发现全集.md:1615","R6.06 / R4.06","需运行证实(仅源码核验)","docs/99-项目治理/全平台整改交接/01-交接总览.md:用户四项拍板和本机仓库根清理; server/legacy_migration/README.md; deploy/postgres/backup/PAIRED_INTERNAL_BACKUP.zh-CN.md | 旧含业务/个人资料已记迁出到独立输入目录，但当前备份/原件价值需清册与恢复依赖核对；不读取/输出秘密，不把数据库dump归为无价值垃圾。","复核中","核验基线d1bbfb7f；历史修复提交尚未逐项追溯，本轮不继承旧运行结论","当前仅源码/使用线索核对；待执行:使用图、部署/导入/恢复依赖和材料属主清册，不实施删除；本子任务未运行上述验证","未运行；旧耗时与修复收益不可作为当前结果","2026-09-30","现有修复回归/旧结论裁决/运行探查；按本轮承接，不计入135项实施根因分母"
"dead-code-files-03","audit:dead-code-files","P1","前后端双向「兼容旧客户端 / 旧服务端」兜底：同一提交一起发版的系统里全是走不到的分支，有的还在客户端重算或放行并发","02-审计发现全集.md:1623","R1.01 / R6.06","部分解决(仅源码核验)","web/update_check.js:17,119-135; server/src/main/java/com/uten/imp/common/concurrency/OptimisticLocks.java:18-27; lib/features/production/models/production_material_analysis.dart | 有version.json升级提示但未证明强制服务端写版本握手，旧标签页真实存在；OptimisticLocks可空与DTO回退须按现行API合同逐项退役，不称全部不可达。","复核中","核验基线d1bbfb7f；历史修复提交尚未逐项追溯，本轮不继承旧运行结论","当前仅源码/使用线索核对；待执行:使用图、部署/导入/恢复依赖和材料属主清册，不实施删除；本子任务未运行上述验证","未运行；旧耗时与修复收益不可作为当前结果","2026-09-30","W18 兼容、失效入口和部署链清理 | R6.06 / R1.01"
"dead-code-files-04","audit:dead-code-files","P1","计量学习(measurement)整套功能从未接入：20 个类、6 个测试、7 张空表、1100 行迁移脚本，前端零调用","02-审计发现全集.md:1631","R6.06","旧结论不成立(仅源码核验)","server/src/main/resources/db/migration/V743__warehouse_weight_ledger_and_learning.sql:857; server/src/main/java/com/uten/imp/features/stock/StockService.java:297-312; docs/99-决策记录-ADR/ADR-135-仓库重量账与单重自学习.md | 旧计量捕获表已V743退役并替换为仓库重量账和单重学习，后者有真实过账/前端入口；不能按旧20类7表清单删当前重量能力。","复核中","核验基线d1bbfb7f；历史修复提交尚未逐项追溯，本轮不继承旧运行结论","当前仅源码/使用线索核对；待执行:使用图、部署/导入/恢复依赖和材料属主清册，不实施删除；本子任务未运行上述验证","未运行；旧耗时与修复收益不可作为当前结果","2026-09-30","现有修复回归/旧结论裁决/运行探查；按本轮承接，不计入135项实施根因分母"
"dead-code-files-05","audit:dead-code-files","P1","被物料分析(ADR-029/099)取代的旧 MRP / 计划包 HTTP 入口，连同前端死方法和约 500 行客户端计算模型仍在","02-审计发现全集.md:1639","R6.01 / R6.06","旧结论不成立(仅源码核验)","server/src/main/java/com/uten/imp/features/production/mrp/MrpService.java:59-63; server/src/main/java/com/uten/imp/features/production/mrp/MrpController.java:53-70 | 当前MrpService.PLANNING_WRITE_READY=true，且Controller仍有计划包生成/预览并已加对象守卫；旧常量关闭前提错误。是否整合需使用图与业务合同，不整套直接删除。","复核中","核验基线d1bbfb7f；历史修复提交尚未逐项追溯，本轮不继承旧运行结论","当前仅源码/使用线索核对；待执行:使用图、部署/导入/恢复依赖和材料属主清册，不实施删除；本子任务未运行上述验证","未运行；旧耗时与修复收益不可作为当前结果","2026-09-30","现有修复回归/旧结论裁决/运行探查；按本轮承接，不计入135项实施根因分母"
"dead-code-files-06","audit:dead-code-files","P1","【需用户确认推翻 ADR-060 §5】已退役的旧发布链约 11 万行脚本加 4 个旧 workflow，每次推送 CI 仍在跑它们的测试","02-审计发现全集.md:1647","R6.06","当前仍存(仅源码核验)"," .github/workflows/release.yml; .github/workflows/unsigned-release-candidate.yml; .github/workflows/_unsigned-candidate-build.yml; .github/workflows/aliyun-oidc-acceptance.yml; .github/workflows/simple-release.yml; deploy/README.md:3-4; docs/99-决策记录-ADR/ADR-060-单维护者简化发布链与旧发布链退役.md | release/unsigned/aliyun旧workflow及updater代码仍在，现役simple与恢复/签名工具有依赖；执行删除前先固定调用图和存档，旧11万行数字不沿用。","复核中","核验基线d1bbfb7f；历史修复提交尚未逐项追溯，本轮不继承旧运行结论","当前仅源码/使用线索核对；待执行:使用图、部署/导入/恢复依赖和材料属主清册，不实施删除；本子任务未运行上述验证","未运行；旧耗时与修复收益不可作为当前结果","2026-09-30","W18 兼容、失效入口和部署链清理 | R6.06 / R1.01"
"dead-code-files-07","audit:dead-code-files","P2","9 个「墓碑端点」只会抛 409，另有 FixedAssetService 约 170 行旧 Map 版增删改和删除重建式计提","02-审计发现全集.md:1655","R6.06 / R6.01","部分解决(仅源码核验)","server/src/main/java/com/uten/imp/features/finance/asset/FixedAssetService.java:46-170; server/src/main/java/com/uten/imp/features/finance/asset/FixedAssetController.java; server/src/main/java/com/uten/imp/features/finance/asset/application/FinanceAssetPostingService.java | FixedAssetService仍有Map版create/update等旧入口形态，当前新asset应用层已存在；需路由和调用图证明后删除，不能把所有旧签名当已死。","复核中","核验基线d1bbfb7f；历史修复提交尚未逐项追溯，本轮不继承旧运行结论","当前仅源码/使用线索核对；待执行:使用图、部署/导入/恢复依赖和材料属主清册，不实施删除；本子任务未运行上述验证","未运行；旧耗时与修复收益不可作为当前结果","2026-09-30","W18 兼容、失效入口和部署链清理 | R6.06 / R1.01"
"dead-code-files-08","audit:dead-code-files","P2","【需用户确认】596 个 Flyway 迁移(头 V645)应压成一个基线：全新建库每次 28–48 秒，另有 60 个测试手写 DDL、4063 条缺列债务","02-审计发现全集.md:1663","R6.05","当前仍存(仅源码核验)","server/src/main/resources/db/migration; server/src/test/java/com/uten/imp/migration/AuditTriggerCoverageMigrationContractTest.java; server/src/test/java/com/uten/imp/migration/LegacyBootstrapSchemaCompatibilityPostgresTest.java; docs/99-项目治理/全平台整改交接/03-后续工作流任务书.md:170-178 | 仍采用前向Flyway全历史和部分迁移文本契约；当前头V759/687由R0环境证据登记。重基线先证明最终结构/种子/升级/恢复等价，不改已应用字节或直接清历史。","复核中","核验基线d1bbfb7f；历史修复提交尚未逐项追溯，本轮不继承旧运行结论","当前仅源码/使用线索核对；待执行:使用图、部署/导入/恢复依赖和材料属主清册，不实施删除；本子任务未运行上述验证","未运行；旧耗时与修复收益不可作为当前结果","2026-09-30","W21 最终结构、旧库引导和迁移策略 | R6.05 / R7.05"
"dead-code-files-09","audit:dead-code-files","P2","后端没有任何前端入口的端点：附件对账、执行工作台组详情 / 工单、生产日报占位、财务反审、认领列表等","02-审计发现全集.md:1671","R4.04 / R6.06","旧结论不成立(仅源码核验)","server/src/main/java/com/uten/imp/features/attachment/AttachmentReconciliationService.java:43-49,95-135; server/src/main/java/com/uten/imp/features/attachment/AttachmentReconciliationApprovalTransaction.java:50-70 | 无前端调用不代表死代码，附件对账有定时任务/人工批准能力；应补操作入口和生命周期，其他控制器逐用途证明。","复核中","核验基线d1bbfb7f；历史修复提交尚未逐项追溯，本轮不继承旧运行结论","当前仅源码/使用线索核对；待执行:使用图、部署/导入/恢复依赖和材料属主清册，不实施删除；本子任务未运行上述验证","未运行；旧耗时与修复收益不可作为当前结果","2026-09-30","现有修复回归/旧结论裁决/运行探查；按本轮承接，不计入135项实施根因分母"
"dead-code-files-10","audit:dead-code-files","P2","前端公开符号死代码：只在测试里用的 Widget、从未被 watch 的 provider、只有定义的 repository 方法 / 端点 / 路由 / 主题 token","02-审计发现全集.md:1679","R6.06","需运行证实(仅源码核验)","lib/shared/badges/badge_registry.dart; lib/core/router/route_names.dart; lib/core/theme/uten_colors.dart; R6.06 | 旧badge注册表已被统一目录替代，其他公开Widget/Provider/路由是否无用不能靠analyzer未警告判断；需静态使用图加运行入口验证。","复核中","核验基线d1bbfb7f；历史修复提交尚未逐项追溯，本轮不继承旧运行结论","当前仅源码/使用线索核对；待执行:使用图、部署/导入/恢复依赖和材料属主清册，不实施删除；本子任务未运行上述验证","未运行；旧耗时与修复收益不可作为当前结果","2026-09-30","现有修复回归/旧结论裁决/运行探查；按本轮承接，不计入135项实施根因分母"
"dead-code-files-11","audit:dead-code-files","P2","后端死类 / 死方法：注释自称「被每个投影使用」的分配器零引用、从未被注入的端口、旧数据形状专用的兼容入库路径","02-审计发现全集.md:1687","R6.06","需运行证实(仅源码核验)","server/src/main/java/com/uten/imp/features/production/analysis/PriorityCompleteKitAllocator.java; server/src/main/java/com/uten/imp/application/port/InventoryProcurementValuePort.java; server/src/main/java/com/uten/imp/features/stock/valuation/InventoryProcurementValueService.java; server/src/main/java/com/uten/imp/features/production/dailyreport/ProductionLegacyFinishedInboundService.java | 旧分配器/估值端口/legacy入库存在不同迁移与测试用途，需证明调用、注入、反向恢复与导入均不依赖后退役，不能只按零import判死。","复核中","核验基线d1bbfb7f；历史修复提交尚未逐项追溯，本轮不继承旧运行结论","当前仅源码/使用线索核对；待执行:使用图、部署/导入/恢复依赖和材料属主清册，不实施删除；本子任务未运行上述验证","未运行；旧耗时与修复收益不可作为当前结果","2026-09-30","现有修复回归/旧结论裁决/运行探查；按本轮承接，不计入135项实施根因分母"
"dead-code-files-12","audit:dead-code-files","P3","本机遗留 15 个 PostgreSQL 库约 5GB(只列出，没有删除)","02-审计发现全集.md:1695","R6.06","需运行证实(仅源码核验)","docs/99-项目治理/全平台整改交接/01-交接总览.md:发版后遗留物; 13环境及恢复基线; R6.06 | 旧15库5GB不是当前清理依据；此子任务未连接数据库盘点，更未删除。按13环境和各验证任务登记库来源/恢复依赖/生命周期再处理。","复核中","核验基线d1bbfb7f；历史修复提交尚未逐项追溯，本轮不继承旧运行结论","当前仅源码/使用线索核对；待执行:使用图、部署/导入/恢复依赖和材料属主清册，不实施删除；本子任务未运行上述验证","未运行；旧耗时与修复收益不可作为当前结果","2026-09-30","现有修复回归/旧结论裁决/运行探查；按本轮承接，不计入135项实施根因分母"
"dead-code-files-13","audit:dead-code-files","P3","已入库文档 46 份、166 处引用本机未入库的证据日志：清理第 01 条之前必须先处理","02-审计发现全集.md:1702","R6.06","当前仍存(仅源码核验)","docs/99-决策记录-ADR/ADR-108-前端性能徽章汇总会话快照与刷新时机.md:16; deploy/postgres/backup/PAIRED_INTERNAL_BACKUP.zh-CN.md:本地脚本验证 | 当前ADR108仍引用未入库.local-tmp证据，配套备份文档也引用本机测试日志；应固化关键结果/候选/校验摘要，不能清日志后假装证据仍可访问。","复核中","核验基线d1bbfb7f；历史修复提交尚未逐项追溯，本轮不继承旧运行结论","当前仅源码/使用线索核对；待执行:使用图、部署/导入/恢复依赖和材料属主清册，不实施删除；本子任务未运行上述验证","未运行；旧耗时与修复收益不可作为当前结果","2026-09-30","W20 规范、现状、证据与链接收口 | R6.06 / R6.04"
"dead-code-files-14","audit:dead-code-files","P3","遗留 worktree 和草稿归档目录：sc-route、uten_imp_wt_probe、孤儿目录 po-amount、uten_imp_scratch_archive","02-审计发现全集.md:1710","R6.06","需运行证实(仅源码核验)","只读git worktree list --porcelain(2026-09-30，基线d1bbfb7f); docs/99-项目治理/全平台整改交接/04-编排方法与验收.md | 本轮git worktree list显示现行多个在用验证/整改树，旧sc-route等未列；未登记目录仍需属主和未提交成果核对，不自动归档或删除其他会话树。","复核中","核验基线d1bbfb7f；历史修复提交尚未逐项追溯，本轮不继承旧运行结论","当前仅源码/使用线索核对；待执行:使用图、部署/导入/恢复依赖和材料属主清册，不实施删除；本子任务未运行上述验证","未运行；旧耗时与修复收益不可作为当前结果","2026-09-30","现有修复回归/旧结论裁决/运行探查；按本轮承接，不计入135项实施根因分母"
"dead-code-files-15","audit:dead-code-files","P3","入库规则缺口：server/data/ 运行时附件目录没被忽略；第三方 AI skill 包(.agents/)被提交进产品仓库","02-审计发现全集.md:1718","R6.06","部分解决(仅源码核验)"," .gitignore:53; .agents/skills/ui-ux-pro-max/SKILL.md; git ls-files .agents server/data(仅清单) | 当前.gitignore已覆盖server/data/attachments，但.agents第三方技能仍被Git追踪；技能可被用户明确依赖，移除须先外置并修引用。","复核中","核验基线d1bbfb7f；历史修复提交尚未逐项追溯，本轮不继承旧运行结论","当前仅源码/使用线索核对；待执行:使用图、部署/导入/恢复依赖和材料属主清册，不实施删除；本子任务未运行上述验证","未运行；旧耗时与修复收益不可作为当前结果","2026-09-30","W18 兼容、失效入口和部署链清理 | R6.06 / R1.01"
"dead-code-files-16","audit:dead-code-files","P3","legacy 包(895 行)只是 dev 环境的分类种子，和 legacy_migration/migrate.sh 做的是同一件事，而且依赖一份不入库的 classpath CSV","02-审计发现全集.md:1726","R6.05 / R6.06","当前仍存(仅源码核验)","server/src/main/java/com/uten/imp/legacy/web/LegacyMigrationController.java:19-25; server/src/main/java/com/uten/imp/legacy/reader/LegacyCategoryCsvSource.java:14-38; server/legacy_migration/migrate.sh | legacy dev控制器和classpath CSV源仍存在，注释现已明确不是生产全量迁移；是否退役应区分开发种子与bootstrap真正职责。","复核中","核验基线d1bbfb7f；历史修复提交尚未逐项追溯，本轮不继承旧运行结论","当前仅源码/使用线索核对；待执行:使用图、部署/导入/恢复依赖和材料属主清册，不实施删除；本子任务未运行上述验证","未运行；旧耗时与修复收益不可作为当前结果","2026-09-30","W18 兼容、失效入口和部署链清理 | R6.06 / R1.01"
"dup-backend-split-01","audit:dup-backend-split","P1","ADR-017 模块边界形同虚设：全限定名与原生 SQL 绕过 ArchitectureBoundaryTest，跨 feature 直读直写表上千处","02-审计发现全集.md:1738","R6.01","当前仍存(仅源码核验)","server/src/test/java/com/uten/imp/architecture/ArchitectureBoundaryTest.java:30,38; server/src/main/java/com/uten/imp/features/production/dailyreport/ProductionFqcFinishedInboundService.java:146; server/src/main/java/com/uten/imp/features/production/fulfillment/ProductionPurchaseSupplyTransitionService.java:856,1065 | 架构守卫核心仍按import/Repository正则，生产源码有直接new库存实体和跨表原生SQL；须按写属主/读端口建立边界，旧千处数量未复核。","复核中","核验基线d1bbfb7f；历史修复提交尚未逐项追溯，本轮不继承旧运行结论","待执行:拆分前后业务状态/数量金额/来源/权限审计等价、代理事务/flush/异常回滚及反向链；本子任务未运行上述验证","未运行；旧耗时与修复收益不可作为当前结果","2026-09-30","W13 后端领域职责、端口和数据映射 | R6.01 / R3.06"
"dup-backend-split-02","audit:dup-backend-split","P1","可用库存(ATP)在 23 个文件各算一遍，至少 4 种互相矛盾的口径","02-审计发现全集.md:1746","R3.01","需运行证实(仅源码核验)","server/src/main/java/com/uten/imp/features/stock/StockBalanceRepository.java:91,139; server/src/main/java/com/uten/imp/features/production/analysis/MaterialPreparationBudgetReader.java:66-81; server/src/main/java/com/uten/imp/features/production/fulfillment/ProductionExecutionReadinessService.java:1789-1815 | 库存可动用、分析预算、齐套权益的维度与时间语义不同，当前已有公共读端口但多个计算路径；需统一同业务输入合同后做差异测试，不凭公式不同判错。","复核中","核验基线d1bbfb7f；历史修复提交尚未逐项追溯，本轮不继承旧运行结论","待执行:拆分前后业务状态/数量金额/来源/权限审计等价、代理事务/flush/异常回滚及反向链；本子任务未运行上述验证","未运行；旧耗时与修复收益不可作为当前结果","2026-09-30","现有修复回归/旧结论裁决/运行探查；按本轮承接，不计入135项实施根因分母"
"dup-backend-split-03","audit:dup-backend-split","P1","stock_reservations 被 10 个类 40 处直写，订单行 reserved_qty 冗余字段按增量维护、无对账","02-审计发现全集.md:1754","R3.01 / R3.03","当前仍存(仅源码核验)","server/src/main/java/com/uten/imp/features/stock/StockReservationService.java:130,197,219; server/src/main/java/com/uten/imp/features/sales/order/SalesOrderService.java:1817,2102-2108; server/src/main/java/com/uten/imp/features/stock/StockDocService.java:3882-3903 | 订单行reserved_qty仍由业务服务增减；预留消耗保留eff.min(remaining)与不足不抛错合同，不能直接删计数器，应先冻结数量单位和所有写路径。","复核中","核验基线d1bbfb7f；历史修复提交尚未逐项追溯，本轮不继承旧运行结论","待执行:拆分前后业务状态/数量金额/来源/权限审计等价、代理事务/flush/异常回滚及反向链；本子任务未运行上述验证","未运行；旧耗时与修复收益不可作为当前结果","2026-09-30","W02 数量、来源、预留和状态统一 | R3.01 / R3.03 / R1.03"
"dup-backend-split-04","audit:dup-backend-split","P1","资金账户过账(改余额 + 写对账流水)在 7 个财务服务各有一份，币种与状态规则分叉","02-审计发现全集.md:1762","R3.02 / R3.03","已有修复待回归(仅源码核验)","server/src/main/java/com/uten/imp/features/finance/accountflow/AccountFlowLedgerService.java; docs/99-决策记录-ADR/ADR-112-金额口径统一与资金过账单一入口.md | 已有资金余额与对账流水公共过账服务，需逐一核对收款/付款/转账/费用/收入及反向入口实际接入，旧7套数量不能沿用。","复核中","核验基线d1bbfb7f；历史修复提交尚未逐项追溯，本轮不继承旧运行结论","待执行:拆分前后业务状态/数量金额/来源/权限审计等价、代理事务/flush/异常回滚及反向链；本子任务未运行上述验证","未运行；旧耗时与修复收益不可作为当前结果","2026-09-30","现有修复回归/旧结论裁决/运行探查；按本轮承接，不计入135项实施根因分母"
"dup-backend-split-05","audit:dup-backend-split","P1","BOM 子件用量公式有 5 处实现、齐套可产量有 3 套引擎，委外一处舍入口径不同；其中 1 套是死代码","02-审计发现全集.md:1770","R3.01","部分解决(仅源码核验)","docs/README.md:13,30; server/src/test/java/com/uten/imp/features/production/mrp/MaterialConsumptionMathSqlContractPostgresTest.java; docs/99-决策记录-ADR/ADR-129-BOM设计使用数量与真实使用数量.md | ADR129已有v_goods_bom_item_usage单一有效用量，MaterialConsumptionMath及SQL合同测试存在；旧5份公式仍需按设计/实际/冻结用量语义重新映射。","复核中","核验基线d1bbfb7f；历史修复提交尚未逐项追溯，本轮不继承旧运行结论","待执行:拆分前后业务状态/数量金额/来源/权限审计等价、代理事务/flush/异常回滚及反向链；本子任务未运行上述验证","未运行；旧耗时与修复收益不可作为当前结果","2026-09-30","W02 数量、来源、预留和状态统一 | R3.01 / R3.03 / R1.03"
"dup-backend-split-06","audit:dup-backend-split","P2","订单行进度计数器与 chain_status 由 4 个 feature、9 个类共同写；未交付量和结案判定在多处手抄","02-审计发现全集.md:1778","R3.01 / R6.01","部分解决(仅源码核验)","server/src/main/java/com/uten/imp/features/sales/order/SalesOrderService.java:85,195,503,571-616,1805-1817; server/src/main/java/com/uten/imp/common/saleschain/SalesOrderChainSql.java | 已有SalesOrderChainSql/SalesChainStatus公共口径，但JPA链分组谓词、SQL阶段表达式与冗余计数器仍并存，需建立同输入等价测试再收口。","复核中","核验基线d1bbfb7f；历史修复提交尚未逐项追溯，本轮不继承旧运行结论","待执行:拆分前后业务状态/数量金额/来源/权限审计等价、代理事务/flush/异常回滚及反向链；本子任务未运行上述验证","未运行；旧耗时与修复收益不可作为当前结果","2026-09-30","W02 数量、来源、预留和状态统一 | R3.01 / R3.03 / R1.03"
"dup-backend-split-07","audit:dup-backend-split","P2","生产侧 6 个类直接 new StockDocument、5 个类直接 UPDATE stock_documents 作废，作废语义有 3 种","02-审计发现全集.md:1786","R6.01","当前仍存(仅源码核验)","server/src/main/java/com/uten/imp/features/production/dailyreport/ProductionLegacyFinishedInboundService.java:71; server/src/main/java/com/uten/imp/features/production/dailyreport/ProductionFqcFinishedInboundService.java:146; server/src/main/java/com/uten/imp/features/production/dailyreport/ProductionDailyReportService.java:1405; server/src/main/java/com/uten/imp/features/production/mrp/ProductionPlanningPackageService.java:318-334 | 生产多个服务仍直接构造StockDocument及UPDATE stock_documents；作废/红冲/技术草稿丢弃需区分后用库存模块端口收口。","复核中","核验基线d1bbfb7f；历史修复提交尚未逐项追溯，本轮不继承旧运行结论","待执行:拆分前后业务状态/数量金额/来源/权限审计等价、代理事务/flush/异常回滚及反向链；本子任务未运行上述验证","未运行；旧耗时与修复收益不可作为当前结果","2026-09-30","W13 后端领域职责、端口和数据映射 | R6.01 / R3.06"
"dup-backend-split-08","audit:dup-backend-split","P1","ChainNoticeService 5420 行 god class：59 个公开方法、32 个类依赖、直查 89 个表名、靠 ThreadLocal 切两种模式","02-审计发现全集.md:1794","R6.01","当前仍存(仅源码核验)","server/src/main/java/com/uten/imp/features/notice/ChainNoticeService.java:48,332,3904 | 通知仍为约5874行单服务，混合多业务SQL、组装、发布和投递；先拆事件家族/读端口并保持事务与收件权限。","复核中","核验基线d1bbfb7f；历史修复提交尚未逐项追溯，本轮不继承旧运行结论","待执行:拆分前后业务状态/数量金额/来源/权限审计等价、代理事务/flush/异常回滚及反向链；本子任务未运行上述验证","未运行；旧耗时与修复收益不可作为当前结果","2026-09-30","W13 后端领域职责、端口和数据映射 | R6.01 / R3.06"
"dup-backend-split-09","audit:dup-backend-split","P1","MaterialAnalysisService 8415 行：查询、刷新、借料、供给对账、分配引擎、可用量、来源装载混在一个类","02-审计发现全集.md:1802","R6.01","当前仍存(仅源码核验)","server/src/main/java/com/uten/imp/features/production/analysis/MaterialAnalysisService.java:1423,1830,2781,4423,5464; server/src/main/java/com/uten/imp/features/production/analysis/MaterialAnalysisCommandService.java:1513,3000 | 物料分析主服务约10080行、命令约3649行，查询/树计算/状态刷新/持久化职责仍混合；拆分不能改变预锁前缀或实时权益。","复核中","核验基线d1bbfb7f；历史修复提交尚未逐项追溯，本轮不继承旧运行结论","待执行:拆分前后业务状态/数量金额/来源/权限审计等价、代理事务/flush/异常回滚及反向链；本子任务未运行上述验证","未运行；旧耗时与修复收益不可作为当前结果","2026-09-30","W13 后端领域职责、端口和数据映射 | R6.01 / R3.06"
"dup-backend-split-10","audit:dup-backend-split","P2","采购与委外两套单据近乎逐行复制(约 2270 行重复)，客户端还在上送服务端会忽略的 double 金额","02-审计发现全集.md:1810","R6.01 / R6.05","部分解决(仅源码核验)","server/src/main/java/com/uten/imp/features/purchase/order/PurchaseOrderService.java; server/src/main/java/com/uten/imp/features/subcontract/order/SubcontractOrderService.java; server/src/main/java/com/uten/imp/common/finance/ProcurementOrderClosurePolicy.java:35-43; server/src/main/java/com/uten/imp/common/finance/ServerDerivedAmountsModule.java:14-37 | 采购委外头/明细服务仍独立，已共有财务/IQC/条款组件且客户端金额拒绝合同已治理；合表仅是候选，须先独特流程/来源外键/迁移成本评估。","复核中","核验基线d1bbfb7f；历史修复提交尚未逐项追溯，本轮不继承旧运行结论","待执行:拆分前后业务状态/数量金额/来源/权限审计等价、代理事务/flush/异常回滚及反向链；本子任务未运行上述验证","未运行；旧耗时与修复收益不可作为当前结果","2026-09-30","W15 采购委外共享办理与表结构评估 | R2.07 / R6.01 / R6.05"
"dup-backend-split-11","audit:dup-backend-split","P2","幂等处理约 40 张表各自实现：6 份键规范化、43 处冲突校验、53 个私有哈希构造","02-审计发现全集.md:1818","R1.01","部分解决(仅源码核验)","server/src/main/java/com/uten/imp/features/warehouse/inbound/ProcurementIqcStockInService.java:211-218; server/src/main/java/com/uten/imp/features/production/dailyreport/ProductionDailyReportService.java:377-398; lib/features/production/pages/production_daily_report_detail_page.dart:142,219,256; docs/99-项目治理/全平台整改交接/09-现状证据与参考方案裁决.md:E01,E09 | 日报/物料明确批出库/IQC等已有不同幂等账本及结果核对，未统一全部命令身份；需要按动作登记覆盖，不将已有稳定键迁没。","复核中","核验基线d1bbfb7f；历史修复提交尚未逐项追溯，本轮不继承旧运行结论","待执行:拆分前后业务状态/数量金额/来源/权限审计等价、代理事务/flush/异常回滚及反向链；本子任务未运行上述验证","未运行；旧耗时与修复收益不可作为当前结果","2026-09-30","W01 命令身份、所见版本、幂等和结果未知 | R1.01 / R1.05"
"dup-backend-split-12","audit:dup-backend-split","P2","单据审核/红冲骨架在 20+ 个服务复制，状态常量有 62 份私有定义，职责分离只在 5 个服务里有","02-审计发现全集.md:1826","R6.01 / R1.01","部分解决(仅源码核验)","server/src/main/java/com/uten/imp/common/web/StandardDocumentLifecycleCapabilities.java:24-43; server/src/main/java/com/uten/imp/security/DocumentAccessPolicy.java:101-117; server/src/main/java/com/uten/imp/features/sales/shipment/SalesShipmentService.java:1183,1665,1717 | 公共生命周期能力/访问策略已有但各业务审核红冲仍单独编排；统一可复用守卫而不吞并场景事务与职责分离。","复核中","核验基线d1bbfb7f；历史修复提交尚未逐项追溯，本轮不继承旧运行结论","待执行:拆分前后业务状态/数量金额/来源/权限审计等价、代理事务/flush/异常回滚及反向链；本子任务未运行上述验证","未运行；旧耗时与修复收益不可作为当前结果","2026-09-30","W13 后端领域职责、端口和数据映射 | R6.01 / R3.06"
"dup-backend-split-13","audit:dup-backend-split","P2","总账凭证对同一单据有批量重生成与审核实时过账两条路径，SQL 各拼一份；GlPostingService 需要按来源拆分","02-审计发现全集.md:1834","R3.02 / R6.01","部分解决(仅源码核验)","server/src/main/java/com/uten/imp/features/finance/gl/GlPostingService.java:93-106,124-141,444-521 | GlPostingService仍期间重建与实时postActualBankPayment两种入口，已有按期间串行与共享数据库函数，不能仅双入口判重复；需来源模板及同事实等价。","复核中","核验基线d1bbfb7f；历史修复提交尚未逐项追溯，本轮不继承旧运行结论","待执行:拆分前后业务状态/数量金额/来源/权限审计等价、代理事务/flush/异常回滚及反向链；本子任务未运行上述验证","未运行；旧耗时与修复收益不可作为当前结果","2026-09-30","W03 精确金额、会计来源和报表合同 | R3.02 / R3.06"
"dup-backend-split-14","audit:dup-backend-split","P2","MrpService 旧净需求引擎和写路径已被常量关死，但约 1000 行代码与端点仍在，与物料分析平行","02-审计发现全集.md:1842","R6.01 / R6.06","旧结论不成立(仅源码核验)","server/src/main/java/com/uten/imp/features/production/mrp/MrpService.java:59-63; server/src/main/java/com/uten/imp/features/production/mrp/MrpController.java:53-70 | 当前MrpService.PLANNING_WRITE_READY=true，且Controller仍有计划包生成/预览并已加对象守卫；旧常量关闭前提错误。是否整合需使用图与业务合同，不整套直接删除。","复核中","核验基线d1bbfb7f；历史修复提交尚未逐项追溯，本轮不继承旧运行结论","待执行:拆分前后业务状态/数量金额/来源/权限审计等价、代理事务/flush/异常回滚及反向链；本子任务未运行上述验证","未运行；旧耗时与修复收益不可作为当前结果","2026-09-30","现有修复回归/旧结论裁决/运行探查；按本轮承接，不计入135项实施根因分母"
"dup-backend-split-15","audit:dup-backend-split","P2","审计操作人绑定靠 131 个文件 530 次手写 tx.bind()，漏写就丢审计操作人","02-审计发现全集.md:1850","R6.01","部分解决(仅源码核验)","server/src/main/java/com/uten/imp/security/TxSessionVars.java:42,127-133; server/src/test/java/com/uten/imp/architecture/TopLevelWriteAuditContextArchitectureTest.java; server/src/main/java/com/uten/imp/features/stock/StockService.java:185 | 事务基础设施已自动绑定且去重，旧漏手写就丢人不再成立；大量历史tx.bind调用仍是可清理冗余，保留显式切actor场景。","复核中","核验基线d1bbfb7f；历史修复提交尚未逐项追溯，本轮不继承旧运行结论","待执行:拆分前后业务状态/数量金额/来源/权限审计等价、代理事务/flush/异常回滚及反向链；本子任务未运行上述验证","未运行；旧耗时与修复收益不可作为当前结果","2026-09-30","W13 后端领域职责、端口和数据映射 | R6.01 / R3.06"
"dup-backend-split-16","audit:dup-backend-split","P2","原生 SQL 结果按位置取值 5941 处；私有 decimal() 等转换器约 180 份且 null 语义不一；同一服务里混用 JdbcTemplate 与 JPA","02-审计发现全集.md:1858","R6.01","当前仍存(仅源码核验)","server/src/main/java/com/uten/imp/features/production/execution/ProductionExecutionWorkbenchService.java:728,553; server/src/main/java/com/uten/imp/features/production/dailyreport/ProductionDailyReportService.java:1255; server/src/main/java/com/uten/imp/features/stock/valuation/InventoryValueLedger.java:94-104 | 原生Object[]位置读取、JPA与JDBC共用仍在；已有NativeQueryResults但不等于具名合同，按query record映射收敛并验证flush边界。","复核中","核验基线d1bbfb7f；历史修复提交尚未逐项追溯，本轮不继承旧运行结论","待执行:拆分前后业务状态/数量金额/来源/权限审计等价、代理事务/flush/异常回滚及反向链；本子任务未运行上述验证","未运行；旧耗时与修复收益不可作为当前结果","2026-09-30","W13 后端领域职责、端口和数据映射 | R6.01 / R3.06"
"dup-backend-split-17","audit:dup-backend-split","P3","已有公共小工具被大量绕开：私有异常工厂、版本校验、权限判断、分页夹取、原生分页各写一遍","02-审计发现全集.md:1866","R6.01","部分解决(仅源码核验)","server/src/main/java/com/uten/imp/common/concurrency/OptimisticLocks.java:18-27; server/src/main/java/com/uten/imp/common/util/FinancialExactAmount.java:16-57; server/src/main/java/com/uten/imp/common/web/GlobalExceptionHandler.java:173 | 公共OptimisticLocks/ApiException/精确数工具已有但调用规则仍不一致(如可空version)，先定义契约后替换私有帮助方法。","复核中","核验基线d1bbfb7f；历史修复提交尚未逐项追溯，本轮不继承旧运行结论","待执行:拆分前后业务状态/数量金额/来源/权限审计等价、代理事务/flush/异常回滚及反向链；本子任务未运行上述验证","未运行；旧耗时与修复收益不可作为当前结果","2026-09-30","W13 后端领域职责、端口和数据映射 | R6.01 / R3.06"
"dup-backend-split-18","audit:dup-backend-split","P2","MaterialAnalysisCommandService 3100 行拆分(另一会话在改)","02-审计发现全集.md:1874","R6.01","当前仍存(仅源码核验)","server/src/main/java/com/uten/imp/features/production/analysis/MaterialAnalysisService.java:1423,1830,2781,4423,5464; server/src/main/java/com/uten/imp/features/production/analysis/MaterialAnalysisCommandService.java:1513,3000 | 物料分析主服务约10080行、命令约3649行，查询/树计算/状态刷新/持久化职责仍混合；拆分不能改变预锁前缀或实时权益。","复核中","核验基线d1bbfb7f；历史修复提交尚未逐项追溯，本轮不继承旧运行结论","待执行:拆分前后业务状态/数量金额/来源/权限审计等价、代理事务/flush/异常回滚及反向链；本子任务未运行上述验证","未运行；旧耗时与修复收益不可作为当前结果","2026-09-30","W13 后端领域职责、端口和数据映射 | R6.01 / R3.06"
"dup-backend-split-19","audit:dup-backend-split","P2","StockDocService 3990 行：通用单据、成品入库、生产发料、退料混在一起，并与生产形成双向依赖","02-审计发现全集.md:1882","R6.01","当前仍存(仅源码核验)","server/src/main/java/com/uten/imp/features/stock/StockDocService.java:80,1848,3353,3882 | StockDocService仍承载通用单据、生产领退料、点收和来源恢复，约4853行；必须按场景服务拆分并复用库存内核。","复核中","核验基线d1bbfb7f；历史修复提交尚未逐项追溯，本轮不继承旧运行结论","待执行:拆分前后业务状态/数量金额/来源/权限审计等价、代理事务/flush/异常回滚及反向链；本子任务未运行上述验证","未运行；旧耗时与修复收益不可作为当前结果","2026-09-30","W13 后端领域职责、端口和数据映射 | R6.01 / R3.06"
"dup-backend-split-20","audit:dup-backend-split","P2","SalesShipmentService 3417 行与 SalesOrderService 2962 行按职责拆分","02-审计发现全集.md:1890","R6.01","当前仍存(仅源码核验)","server/src/main/java/com/uten/imp/features/sales/shipment/SalesShipmentService.java; server/src/main/java/com/uten/imp/features/sales/order/SalesOrderService.java:503,1817,2102 | SalesShipmentService约3639行、SalesOrderService约3299行，订单阶段/库存/财务编排职责仍需拆分；不得用跨feature直写替代端口。","复核中","核验基线d1bbfb7f；历史修复提交尚未逐项追溯，本轮不继承旧运行结论","待执行:拆分前后业务状态/数量金额/来源/权限审计等价、代理事务/flush/异常回滚及反向链；本子任务未运行上述验证","未运行；旧耗时与修复收益不可作为当前结果","2026-09-30","W13 后端领域职责、端口和数据映射 | R6.01 / R3.06"
"dup-backend-split-21","audit:dup-backend-split","P2","SubcontractMaterialPlanService 3092 行：计划生成、订单同步、发料同步、入库钩子、预留、任务查询混在一个类","02-审计发现全集.md:1898","R6.01","当前仍存(仅源码核验)","server/src/main/java/com/uten/imp/features/subcontract/plan/SubcontractMaterialPlanService.java; server/src/main/java/com/uten/imp/features/subcontract/material_issue/SubcontractMaterialIssueService.java:374 | 委外物料计划仍混合生成、源单同步、预留和入库联动；拆分按聚合所有权/端口进行，不改变精确权益与反向。","复核中","核验基线d1bbfb7f；历史修复提交尚未逐项追溯，本轮不继承旧运行结论","待执行:拆分前后业务状态/数量金额/来源/权限审计等价、代理事务/flush/异常回滚及反向链；本子任务未运行上述验证","未运行；旧耗时与修复收益不可作为当前结果","2026-09-30","W13 后端领域职责、端口和数据映射 | R6.01 / R3.06"
"dup-backend-split-22","audit:dup-backend-split","P3","ProcurementArrivalControlService 2991 行与 ProductionExecutionReadinessService 2449 行按任务类型拆分","02-审计发现全集.md:1906","R6.01","当前仍存(仅源码核验)","server/src/main/java/com/uten/imp/features/warehouse/inbound/ProcurementArrivalControlService.java; server/src/main/java/com/uten/imp/features/production/fulfillment/ProductionExecutionReadinessService.java:1789-1815,2399 | 到货控制与执行齐套服务仍为多任务大型服务，已有独立Iqc服务但职责收口未完成；按事务编排/只读资格/策略拆分。","复核中","核验基线d1bbfb7f；历史修复提交尚未逐项追溯，本轮不继承旧运行结论","待执行:拆分前后业务状态/数量金额/来源/权限审计等价、代理事务/flush/异常回滚及反向链；本子任务未运行上述验证","未运行；旧耗时与修复收益不可作为当前结果","2026-09-30","W13 后端领域职责、端口和数据映射 | R6.01 / R3.06"
"dup-backend-split-23","audit:dup-backend-split","P3","报表层：六个包 18 个同构 DTO 文件、FinanceReportService 2509 行里还留着一份 WhereBuilder","02-审计发现全集.md:1914","R6.01 / R2.07","部分解决(仅源码核验)","server/src/main/java/com/uten/imp/features/finance/report/FinanceReportService.java:2243-2245,2274; lib/features/report/shared/report_data.dart; lib/features/report/shared/report_total.dart | 已有common.report DTO和shared报表模型，FinanceReportService仍大型多业务查询；旧18份DTO重复数量需重算后保留真正共享字段。","复核中","核验基线d1bbfb7f；历史修复提交尚未逐项追溯，本轮不继承旧运行结论","待执行:拆分前后业务状态/数量金额/来源/权限审计等价、代理事务/flush/异常回滚及反向链；本子任务未运行上述验证","未运行；旧耗时与修复收益不可作为当前结果","2026-09-30","W13 后端领域职责、端口和数据映射 | R6.01 / R3.06"
"dup-backend-split-24","audit:dup-backend-split","P3","ProductionDailyReportService 2195 行：审核编排、产量分摊、补产封顶、物料耗用、命令幂等混在一起","02-审计发现全集.md:1922","R6.01 / R1.03","部分解决(仅源码核验)","server/src/main/java/com/uten/imp/features/production/dailyreport/DailyReportOutputAllocationService.java; server/src/main/java/com/uten/imp/features/production/dailyreport/DailyReportExecutionSegmentGuard.java; server/src/main/java/com/uten/imp/features/production/dailyreport/ProductionDailyReportService.java:1085,1255,2369 | 已拆DailyReportOutputAllocationService/ExecutionSegmentGuard等，主服务仍审核/封顶/红冲/实耗编排很大；边拆边锁来源守恒测试。","复核中","核验基线d1bbfb7f；历史修复提交尚未逐项追溯，本轮不继承旧运行结论","待执行:拆分前后业务状态/数量金额/来源/权限审计等价、代理事务/flush/异常回滚及反向链；本子任务未运行上述验证","未运行；旧耗时与修复收益不可作为当前结果","2026-09-30","W13 后端领域职责、端口和数据映射 | R6.01 / R3.06"
"dup-backend-split-25","audit:dup-backend-split","P3","客户端用 double 重算物料分析级联数量和订货金额，与服务端形成第二套计算(另一会话在改)","02-审计发现全集.md:1930","R3.01 / R2.07","部分解决(仅源码核验)","lib/features/production/pages/material_analysis_material_table.dart:3020-3023,3035-3038,3078,3107; server/src/main/java/com/uten/imp/features/production/analysis/MaterialAnalysisCommandService.java:1513-1542 | 回滚式预览和无单飞已修；客户端仍以double即时父子换算并以服务端预览校准，须区分输入提示与提交真源并做等价/精度验证。","复核中","核验基线d1bbfb7f；历史修复提交尚未逐项追溯，本轮不继承旧运行结论","待执行:拆分前后业务状态/数量金额/来源/权限审计等价、代理事务/flush/异常回滚及反向链；本子任务未运行上述验证","未运行；旧耗时与修复收益不可作为当前结果","2026-09-30","W12 物料分析前端职责和增量响应 | R2.03 / R2.07"
"correctness-stability-01","audit:correctness-stability","P0","金额舍入/分摊口径四套并存，违反用户已确认的「财务不能四舍五入、分摊不丢余额」","02-审计发现全集.md:1942","R3.02","已有修复待回归(仅源码核验)","server/src/main/java/com/uten/imp/common/finance/MoneyPolicy.java:28-31,111-130; server/src/test/java/com/uten/imp/architecture/ArchitectureBoundaryTest.java:211-264; server/src/main/java/com/uten/imp/common/util/FinancialExactAmount.java:8-57 | 金额乘积/累计分摊已有MoneyPolicy及禁止分散HALF_UP架构守卫；数量/估值豁免明确存在，需当前跨币种、末批尾差和红冲回归。","复核中","核验基线d1bbfb7f；历史修复提交尚未逐项追溯，本轮不继承旧运行结论","待执行:原币本币/数量来源守恒、所见版本、同键重放/异内容拒绝、提交丢响应核对、反向恢复与全链不变量；本子任务未运行上述验证","未运行；旧耗时与修复收益不可作为当前结果","2026-09-30","现有修复回归/旧结论裁决/运行探查；按本轮承接，不计入135项实施根因分母"
"correctness-stability-02","audit:correctness-stability","P1","14 个服务把浏览器用 double 算出的行金额原样落库，并用 amountLocal ?? amountOriginal 混用币种","02-审计发现全集.md:1950","R3.02","已有修复待回归(仅源码核验)","server/src/main/java/com/uten/imp/common/finance/ServerDerivedAmountsModule.java:14-37; server/src/test/java/com/uten/imp/common/finance/ServerDerivedAmountsContractTest.java:64-89 | 保存DTO已通过ServerDerivedAmounts标记与Jackson拒绝客户端金额；覆盖测试存在，仍须新增DTO全枚举和HTTP恶意字段回归。","复核中","核验基线d1bbfb7f；历史修复提交尚未逐项追溯，本轮不继承旧运行结论","待执行:原币本币/数量来源守恒、所见版本、同键重放/异内容拒绝、提交丢响应核对、反向恢复与全链不变量；本子任务未运行上述验证","未运行；旧耗时与修复收益不可作为当前结果","2026-09-30","现有修复回归/旧结论裁决/运行探查；按本轮承接，不计入135项实施根因分母"
"correctness-stability-03","audit:correctness-stability","P1","「剩余未排量 / 订单阶段」一个口径有 6 份以上实现(SQL、Java 镜像、JPA Criteria 镜像、各服务内联、前端分组)","02-审计发现全集.md:1958","R3.01 / R6.01","部分解决(仅源码核验)","server/src/main/java/com/uten/imp/features/sales/order/SalesOrderService.java:85,195,503,571-616,1805-1817; server/src/main/java/com/uten/imp/common/saleschain/SalesOrderChainSql.java | 已有SalesOrderChainSql/SalesChainStatus公共口径，但JPA链分组谓词、SQL阶段表达式与冗余计数器仍并存，需建立同输入等价测试再收口。","复核中","核验基线d1bbfb7f；历史修复提交尚未逐项追溯，本轮不继承旧运行结论","待执行:原币本币/数量来源守恒、所见版本、同键重放/异内容拒绝、提交丢响应核对、反向恢复与全链不变量；本子任务未运行上述验证","未运行；旧耗时与修复收益不可作为当前结果","2026-09-30","W02 数量、来源、预留和状态统一 | R3.01 / R3.03 / R1.03"
"correctness-stability-04","audit:correctness-stability","P1","「单分析可用量 / 齐套可用量」至少三套独立公式，安全库存和主仓预算的分摊方式不一致","02-审计发现全集.md:1966","R3.01","需运行证实(仅源码核验)","server/src/main/java/com/uten/imp/features/stock/StockBalanceRepository.java:91,139; server/src/main/java/com/uten/imp/features/production/analysis/MaterialPreparationBudgetReader.java:66-81; server/src/main/java/com/uten/imp/features/production/fulfillment/ProductionExecutionReadinessService.java:1789-1815 | 库存可动用、分析预算、齐套权益的维度与时间语义不同，当前已有公共读端口但多个计算路径；需统一同业务输入合同后做差异测试，不凭公式不同判错。","复核中","核验基线d1bbfb7f；历史修复提交尚未逐项追溯，本轮不继承旧运行结论","待执行:原币本币/数量来源守恒、所见版本、同键重放/异内容拒绝、提交丢响应核对、反向恢复与全链不变量；本子任务未运行上述验证","未运行；旧耗时与修复收益不可作为当前结果","2026-09-30","现有修复回归/旧结论裁决/运行探查；按本轮承接，不计入135项实施根因分母"
"correctness-stability-05","audit:correctness-stability","P1","销售订单行的预留/排产计数器在订单单位与基本单位之间来回 4 位舍入，释放时静默截断，且没有对账","02-审计发现全集.md:1974","R3.01 / R3.03","当前仍存(仅源码核验)","server/src/main/java/com/uten/imp/features/stock/StockReservationService.java:130,197,219; server/src/main/java/com/uten/imp/features/sales/order/SalesOrderService.java:1817,2102-2108; server/src/main/java/com/uten/imp/features/stock/StockDocService.java:3882-3903 | 订单行reserved_qty仍由业务服务增减；预留消耗保留eff.min(remaining)与不足不抛错合同，不能直接删计数器，应先冻结数量单位和所有写路径。","复核中","核验基线d1bbfb7f；历史修复提交尚未逐项追溯，本轮不继承旧运行结论","待执行:原币本币/数量来源守恒、所见版本、同键重放/异内容拒绝、提交丢响应核对、反向恢复与全链不变量；本子任务未运行上述验证","未运行；旧耗时与修复收益不可作为当前结果","2026-09-30","W02 数量、来源、预留和状态统一 | R3.01 / R3.03 / R1.03"
"correctness-stability-06","audit:correctness-stability","P1","核心单据没有版本号：编辑是整单删明细再重插(后保存覆盖先保存)，审核/红冲不校验“所见版本”","02-审计发现全集.md:1982","R1.01","部分解决(仅源码核验)","server/src/main/java/com/uten/imp/common/concurrency/OptimisticLocks.java:18-27 | 不少写路径已有expectedVersion，但公共OptimisticLocks仍允许null，须按动作逐项补必填及来源CAS，不可笼统说全平台无版本。","复核中","核验基线d1bbfb7f；历史修复提交尚未逐项追溯，本轮不继承旧运行结论","待执行:原币本币/数量来源守恒、所见版本、同键重放/异内容拒绝、提交丢响应核对、反向恢复与全链不变量；本子任务未运行上述验证","未运行；旧耗时与修复收益不可作为当前结果","2026-09-30","W01 命令身份、所见版本、幂等和结果未知 | R1.01 / R1.05"
"correctness-stability-07","audit:correctness-stability","P1","写命令没有统一幂等：响应丢失后前端提示“请重试”，重试结果是“仅草稿可审核”或建出重复单","02-审计发现全集.md:1990","R1.01","部分解决(仅源码核验)","server/src/main/java/com/uten/imp/features/warehouse/inbound/ProcurementIqcStockInService.java:211-218; server/src/main/java/com/uten/imp/features/production/dailyreport/ProductionDailyReportService.java:377-398; lib/features/production/pages/production_daily_report_detail_page.dart:142,219,256; docs/99-项目治理/全平台整改交接/09-现状证据与参考方案裁决.md:E01,E09 | 日报/物料明确批出库/IQC等已有不同幂等账本及结果核对，未统一全部命令身份；需要按动作登记覆盖，不将已有稳定键迁没。","复核中","核验基线d1bbfb7f；历史修复提交尚未逐项追溯，本轮不继承旧运行结论","待执行:原币本币/数量来源守恒、所见版本、同键重放/异内容拒绝、提交丢响应核对、反向恢复与全链不变量；本子任务未运行上述验证","未运行；旧耗时与修复收益不可作为当前结果","2026-09-30","W01 命令身份、所见版本、幂等和结果未知 | R1.01 / R1.05"
"correctness-stability-08","audit:correctness-stability","P1","物料分析“预览”是真跑下达再回滚，持有与真实下达相同的写锁；为掩盖慢，前端又做了一套估算算法","02-审计发现全集.md:1998","R1.07 / R3.01","已有修复待回归(仅源码核验)","server/src/main/java/com/uten/imp/features/production/analysis/MaterialAnalysisCommandService.java:1513-1542; server/src/main/java/com/uten/imp/features/production/analysis/MaterialAnalysisService.java:5335-5464; docs/99-决策记录-ADR/ADR-116-物料分析下达预览只读投影.md | 下达预览使用只读内存overlay而非实际下达再回滚；需只读SQL/与真实命令等价回归。","复核中","核验基线d1bbfb7f；历史修复提交尚未逐项追溯，本轮不继承旧运行结论","待执行:原币本币/数量来源守恒、所见版本、同键重放/异内容拒绝、提交丢响应核对、反向恢复与全链不变量；本子任务未运行上述验证","未运行；旧耗时与修复收益不可作为当前结果","2026-09-30","现有修复回归/旧结论裁决/运行探查；按本轮承接，不计入135项实施根因分母"
"correctness-stability-09","audit:correctness-stability","P1","生产日报“完结封顶/红冲恢复”遇到跨多个执行段的订单行直接拒绝；同一分配量要在 4 处手工同步","02-审计发现全集.md:2006","R3.01 / R1.03","当前仍存(仅源码核验)","server/src/main/java/com/uten/imp/features/production/dailyreport/ProductionDailyReportService.java:1167,1255-1283,1318 | 已有日报封顶事件归属，但多执行段订单行在完结封顶/红冲恢复仍显式拒绝；需定义合法分摊及反向恢复后补场景。","复核中","核验基线d1bbfb7f；历史修复提交尚未逐项追溯，本轮不继承旧运行结论","待执行:原币本币/数量来源守恒、所见版本、同键重放/异内容拒绝、提交丢响应核对、反向恢复与全链不变量；本子任务未运行上述验证","未运行；旧耗时与修复收益不可作为当前结果","2026-09-30","W02 数量、来源、预留和状态统一 | R3.01 / R3.03 / R1.03"
"correctness-stability-10","audit:correctness-stability","P1","全链路测试没有统一的“不变量终检”，关键守恒缺少守护，现有单测反而钉死了舍入行为","02-审计发现全集.md:2014","R3.03 / R7.02","部分解决(仅源码核验)","server/src/test/java/com/uten/imp/businesschain/FullChainEndToEndTest.java:1707-1708,1889-1890; server/src/main/java/com/uten/imp/features/stock/StockReconciliationService.java:28-46; server/src/main/java/com/uten/imp/features/production/chain/ProductionChainHealthService.java:65,308 | 全链已有大量场景守恒断言及库存独立对账，但未找到统一跨账簿不变量终检；应复用事实查询按场景分组，避免只按金额舍入旧测试下结论。","复核中","核验基线d1bbfb7f；历史修复提交尚未逐项追溯，本轮不继承旧运行结论","待执行:原币本币/数量来源守恒、所见版本、同键重放/异内容拒绝、提交丢响应核对、反向恢复与全链不变量；本子任务未运行上述验证","未运行；旧耗时与修复收益不可作为当前结果","2026-09-30","W22 跨模块不变量和12主链验收 | R3.03 / R7.02 / R6.08"
"correctness-stability-11","audit:correctness-stability","P2","前端有大量“旧服务端回退 / 字段缺失默认 0 / 别名兜底”，形成第二套业务口径；服务端也保留约 64 处“旧客户端兼容”分支","02-审计发现全集.md:2022","R1.01 / R6.06","部分解决(仅源码核验)","web/update_check.js:17,119-135; server/src/main/java/com/uten/imp/common/concurrency/OptimisticLocks.java:18-27; lib/features/production/models/production_material_analysis.dart | 有version.json升级提示但未证明强制服务端写版本握手，旧标签页真实存在；OptimisticLocks可空与DTO回退须按现行API合同逐项退役，不称全部不可达。","复核中","核验基线d1bbfb7f；历史修复提交尚未逐项追溯，本轮不继承旧运行结论","待执行:原币本币/数量来源守恒、所见版本、同键重放/异内容拒绝、提交丢响应核对、反向恢复与全链不变量；本子任务未运行上述验证","未运行；旧耗时与修复收益不可作为当前结果","2026-09-30","W18 兼容、失效入口和部署链清理 | R6.06 / R1.01"
"correctness-stability-12","audit:correctness-stability","P2","金额和数量在接口上以 JSON number 传输，Dart 用 double 解析；服务端允许 24/30 位小数，前端“精确”工具实际拿到的已是 double","02-审计发现全集.md:2030","R3.02","部分解决(仅源码核验)","server/src/main/java/com/uten/imp/common/finance/ExactDecimalText.java:12-25; lib/features/sales/models/sales_doc.dart:161-172 | ExactDecimalText及金融精确文本已有，但销售DTO客户端仍有double数量/金额相关模型；全接口精确文本合同尚未统一证明。","复核中","核验基线d1bbfb7f；历史修复提交尚未逐项追溯，本轮不继承旧运行结论","待执行:原币本币/数量来源守恒、所见版本、同键重放/异内容拒绝、提交丢响应核对、反向恢复与全链不变量；本子任务未运行上述验证","未运行；旧耗时与修复收益不可作为当前结果","2026-09-30","W03 精确金额、会计来源和报表合同 | R3.02 / R3.06"
"correctness-stability-13","audit:correctness-stability","P2","ChainNoticeService 在同一事务里捕获 @Transactional 调用抛出的 RuntimeException 想要降级，实际会让整个投递事务回滚并反复重试","02-审计发现全集.md:2038","R6.01 / R6.03","需运行证实(仅源码核验)","server/src/main/java/com/uten/imp/features/notice/ChainNoticeService.java:3904-3922; server/src/main/java/com/uten/imp/features/notice/outbox/BusinessOutboxProcessor.java:96-121 | ChainNoticeService仍catch下游batchAvailability RuntimeException并返回空结果；是否导致参与事务rollback-only需真实Spring/PG故障注入，不能仅凭catch判定仍然出错。","复核中","核验基线d1bbfb7f；历史修复提交尚未逐项追溯，本轮不继承旧运行结论","待执行:原币本币/数量来源守恒、所见版本、同键重放/异内容拒绝、提交丢响应核对、反向恢复与全链不变量；本子任务未运行上述验证","未运行；旧耗时与修复收益不可作为当前结果","2026-09-30","现有修复回归/旧结论裁决/运行探查；按本轮承接，不计入135项实施根因分母"
"correctness-stability-14","audit:correctness-stability","P2","BOM“粘贴组件”由客户端逐条删除再逐条新建，失败被静默吞掉，BOM 可能半新半旧","02-审计发现全集.md:2046","R6.02","已有修复待回归(仅源码核验)","lib/features/basic_data/widgets/goods_bom_tab.dart:643-671,1410; docs/99-决策记录-ADR/ADR-111-主档删除引用保护与批量原子命令.md | BOM前端已batch删除和repo.paste服务端命令，旧逐条删建吞错路径已被替代；需原子失败/引用保护测试。","复核中","核验基线d1bbfb7f；历史修复提交尚未逐项追溯，本轮不继承旧运行结论","待执行:原币本币/数量来源守恒、所见版本、同键重放/异内容拒绝、提交丢响应核对、反向恢复与全链不变量；本子任务未运行上述验证","未运行；旧耗时与修复收益不可作为当前结果","2026-09-30","现有修复回归/旧结论裁决/运行探查；按本轮承接，不计入135项实施根因分母"
"correctness-stability-15","audit:correctness-stability","P2","前端复刻了一套“收货数量分配到需求/公共库存”的算法，与服务端权威分配形成两个口径","02-审计发现全集.md:2054","R3.01 / R1.06","需运行证实(仅源码核验)","lib/features/warehouse/widgets/warehouse_inbound_allocation_view.dart; server/src/main/java/com/uten/imp/features/warehouse/inbound/ProcurementIqcStockInService.java:260-280; lib/features/warehouse/pages/warehouse_arrival_receipt_page.dart | 当前有warehouse_inbound_allocation_view和服务端actualAllocations回执；是否仍存在可提交的前端权威分配需逐页面数据流核对，不能把纯预告展示当第二真源。","复核中","核验基线d1bbfb7f；历史修复提交尚未逐项追溯，本轮不继承旧运行结论","待执行:原币本币/数量来源守恒、所见版本、同键重放/异内容拒绝、提交丢响应核对、反向恢复与全链不变量；本子任务未运行上述验证","未运行；旧耗时与修复收益不可作为当前结果","2026-09-30","现有修复回归/旧结论裁决/运行探查；按本轮承接，不计入135项实施根因分母"
"correctness-stability-16","audit:correctness-stability","P2","前端没有全局异常兜底，也没开启未等待 Future 的 lint，异步错误只会进控制台","02-审计发现全集.md:2062","R2.05","当前仍存(仅源码核验)","lib/main.dart; analysis_options.yaml; lib/core/network/api_client.dart:428 | 在当前lib和analysis_options未找到全局FlutterError/PlatformDispatcher/runZonedGuarded与unawaited_futures配置，异步错误恢复需结合应用启动入口实现。","复核中","核验基线d1bbfb7f；历史修复提交尚未逐项追溯，本轮不继承旧运行结论","待执行:原币本币/数量来源守恒、所见版本、同键重放/异内容拒绝、提交丢响应核对、反向恢复与全链不变量；本子任务未运行上述验证","未运行；旧耗时与修复收益不可作为当前结果","2026-09-30","W10 统一操作反馈、详情动作和恢复交互 | R2.05 / R2.07"
"correctness-stability-17","audit:correctness-stability","P3","采购/委外拆单后逐张提交财务、仓库批量出库，都由客户端循环逐单调用，不是原子操作","02-审计发现全集.md:2070","R1.04 / R1.05","部分解决(仅源码核验)","server/src/main/java/com/uten/imp/features/production/fulfillment/ProductionDrawDiscoveryBatchService.java:54; lib/features/warehouse/pages/warehouse_stock_batch_outbound_page.dart:187; lib/features/warehouse/pages/warehouse_sales_outbound_batch_page.dart:109,243; lib/features/warehouse/pages/warehouse_subcontract_outbound_batch_page.dart:459; docs/99-项目治理/全平台整改交接/09-现状证据与参考方案裁决.md:E09 | 生产两种批出库已有整批原子，销售/委外/其他仍逐单首错停止并保留前成功；后续服务端编排应保留合同，不一律强改原子。","复核中","核验基线d1bbfb7f；历史修复提交尚未逐项追溯，本轮不继承旧运行结论","待执行:原币本币/数量来源守恒、所见版本、同键重放/异内容拒绝、提交丢响应核对、反向恢复与全链不变量；本子任务未运行上述验证","未运行；旧耗时与修复收益不可作为当前结果","2026-09-30","W01 命令身份、所见版本、幂等和结果未知 | R1.01 / R1.05"
"correctness-stability-18","audit:correctness-stability","P3","生产计划进度百分比在 4 处分别计算，是否封顶 100% 不一致，并以 double 下发","02-审计发现全集.md:2078","R3.01 / R2.01","部分解决(仅源码核验)","server/src/main/java/com/uten/imp/features/production/plan/dto/PlanProgressRow.java:10,32-36; server/src/main/java/com/uten/imp/features/production/plan/ProductionPlanService.java:1356-1357,1399-1414,1505-1511 | 进度已区分计划责任/公共超产并多处Math.min封顶，DTO仍double且多个公式；需以同事实测试展示百分比而非把展示double当金额错误。","复核中","核验基线d1bbfb7f；历史修复提交尚未逐项追溯，本轮不继承旧运行结论","待执行:原币本币/数量来源守恒、所见版本、同键重放/异内容拒绝、提交丢响应核对、反向恢复与全链不变量；本子任务未运行上述验证","未运行；旧耗时与修复收益不可作为当前结果","2026-09-30","W02 数量、来源、预留和状态统一 | R3.01 / R3.03 / R1.03"
"correctness-stability-19","audit:correctness-stability","P3","财务报表数值解析失败时静默归零，还有经 double 的转换；私有方法上的 @Transactional 不生效","02-审计发现全集.md:2086","R3.02 / R6.01","部分解决(仅源码核验)","server/src/main/java/com/uten/imp/features/finance/report/FinanceReportService.java:2248-2270,2426 | 报表num已拒绝浮点和非法数值，不再静默归零；事务边界仍须逐入口自调用检查，不能仅有@Transactional注解就认定生效。","复核中","核验基线d1bbfb7f；历史修复提交尚未逐项追溯，本轮不继承旧运行结论","待执行:原币本币/数量来源守恒、所见版本、同键重放/异内容拒绝、提交丢响应核对、反向恢复与全链不变量；本子任务未运行上述验证","未运行；旧耗时与修复收益不可作为当前结果","2026-09-30","W03 精确金额、会计来源和报表合同 | R3.02 / R3.06"
"overhaul-gap-01","critic:extra_findings","P1","服务端没有任何截止时间: 锁等待与事务无上限, 客户端 45s 放弃后服务端照样提交, 界面报失败实际已成功, 并会占满连接池拖垮全站","02-审计发现全集.md:2155","R1.01 / R0.06","部分解决(仅源码核验)","server/src/main/resources/application.yml:36-42; server/src/main/java/com/uten/imp/common/web/GlobalExceptionHandler.java:35-37,189-196 | 数据库lock10s/statement60s/idle120s和事务40s已有；总请求截止、重试预算、客户端结果未知和实际安装仍未证明。","复核中","核验基线d1bbfb7f；历史修复提交尚未逐项追溯，本轮不继承旧运行结论","待执行:按当前裁决对应R0/R1/R3/R6/R7场景回归；历史疑问不直接当当前故障；本子任务未运行上述验证","未运行；旧耗时与修复收益不可作为当前结果","2026-09-30","W01 命令身份、所见版本、幂等和结果未知 | R1.01 / R1.05"
"overhaul-gap-02","critic:extra_findings","P1","性能审计全部基于玩具数据: 克隆库只有 138 个货品、1 张销售单、0 张库存单, 旧库是 3.5 万货品和百万行级明细, 大数据量下的表现没人验证过","02-审计发现全集.md:2174","R0.07 / R7.03","需运行证实(仅源码核验)","server/src/test/java/com/uten/imp/migration/LegacyBootstrapCoordinatorPostgresTest.java; server/src/test/java/com/uten/imp/businesschain/MaterialAnalysisScaleRequestBoundaryTest.java; docs/99-项目治理/全平台整改交接/09-现状证据与参考方案裁决.md:第四节 | 已有scale/bootstrap测试与历史大样本记录，但本轮多年规模、混合并发和资源竞争尚未完成；现库大小不是容量验收。","复核中","核验基线d1bbfb7f；历史修复提交尚未逐项追溯，本轮不继承旧运行结论","待执行:按当前裁决对应R0/R1/R3/R6/R7场景回归；历史疑问不直接当当前故障；本子任务未运行上述验证","未运行；旧耗时与修复收益不可作为当前结果","2026-09-30","现有修复回归/旧结论裁决/运行探查；按本轮承接，不计入135项实施根因分母"
"overhaul-gap-03","critic:extra_findings","P1","总账附表/经营损益表把人工、折旧等行硬编码成 NULL, 系统里却已有工资批次和固定资产折旧过账; 报表按写死的科目名取数, 科目一改名就漏算, 损益表会少算成本、虚高利润","02-审计发现全集.md:2192","R3.02","已有修复待回归(仅源码核验)","server/src/main/java/com/uten/imp/features/finance/gl/GlReportService.java:37,400-406,461-471,562-598; server/src/main/java/com/uten/imp/features/finance/gl/GlReportLineSource.java | 总账附表已按finance_report_line_bindings映射科目/部门/折旧，工资来源为审核工资事实，未配置明确显示；旧硬编码NULL缺口已替代，工资计提入总账另列合同。","复核中","核验基线d1bbfb7f；历史修复提交尚未逐项追溯，本轮不继承旧运行结论","待执行:按当前裁决对应R0/R1/R3/R6/R7场景回归；历史疑问不直接当当前故障；本子任务未运行上述验证","未运行；旧耗时与修复收益不可作为当前结果","2026-09-30","现有修复回归/旧结论裁决/运行探查；按本轮承接，不计入135项实施根因分母"
"overhaul-gap-04","critic:extra_findings","P2","采购/委外 7 对核心单据表列重合 85-95%, 下游 26 张 procurement_* 表已按 order_type 统一, 只能用无外键的多态引用; 这是前后端两套镜像代码的根因","02-审计发现全集.md:2209","R6.01 / R6.05","部分解决(仅源码核验)","server/src/main/java/com/uten/imp/features/purchase/order/PurchaseOrderService.java; server/src/main/java/com/uten/imp/features/subcontract/order/SubcontractOrderService.java; server/src/main/java/com/uten/imp/common/finance/ProcurementOrderClosurePolicy.java:35-43; server/src/main/java/com/uten/imp/common/finance/ServerDerivedAmountsModule.java:14-37 | 采购委外头/明细服务仍独立，已共有财务/IQC/条款组件且客户端金额拒绝合同已治理；合表仅是候选，须先独特流程/来源外键/迁移成本评估。","复核中","核验基线d1bbfb7f；历史修复提交尚未逐项追溯，本轮不继承旧运行结论","待执行:按当前裁决对应R0/R1/R3/R6/R7场景回归；历史疑问不直接当当前故障；本子任务未运行上述验证","未运行；旧耗时与修复收益不可作为当前结果","2026-09-30","W15 采购委外共享办理与表结构评估 | R2.07 / R6.01 / R6.05"
"overhaul-gap-05","critic:extra_findings","P2","物料分析每条命令(包括每次敲数都会触发的下达预览)都回传整份分析视图, 2460 行时约 7.4MB, Web 端在 UI 线程解析, 分析一大页面就卡","02-审计发现全集.md:2226","R2.07 / R1.07","当前仍存(仅源码核验)","server/src/main/java/com/uten/imp/features/production/analysis/MaterialAnalysisCommandService.java:1513-1542; lib/features/production/pages/material_analysis_material_table.dart:3084-3117 | previewIssuePlans仍返回AnalysisView，前端接整份快照，旧7.4MB具体字节不可沿用；命令/预览小DTO及局部投影需以行规模/解析长任务验证。","复核中","核验基线d1bbfb7f；历史修复提交尚未逐项追溯，本轮不继承旧运行结论","待执行:按当前裁决对应R0/R1/R3/R6/R7场景回归；历史疑问不直接当当前故障；本子任务未运行上述验证","未运行；旧耗时与修复收益不可作为当前结果","2026-09-30","W12 物料分析前端职责和增量响应 | R2.03 / R2.07"
"overhaul-gap-06","critic:extra_findings","P2","没有前后端版本握手: 发版后已打开的旧标签页继续调用新接口, 删兼容兜底或改接口字段时会静默误算或报错","02-审计发现全集.md:2244","R1.01 / R6.06","部分解决(仅源码核验)","web/update_check.js:17,25-29,103,119-135; web/index.html:24; server/src/main/java/com/uten/imp/common/concurrency/OptimisticLocks.java:18-27 | 已存在签名version.json拉取与用户更新提示，不再是完全无更新检测；服务端按客户端版本强制写兼容合同尚未定位，草稿保护刷新与旧标签写入需测试。","复核中","核验基线d1bbfb7f；历史修复提交尚未逐项追溯，本轮不继承旧运行结论","待执行:按当前裁决对应R0/R1/R3/R6/R7场景回归；历史疑问不直接当当前故障；本子任务未运行上述验证","未运行；旧耗时与修复收益不可作为当前结果","2026-09-30","W18 兼容、失效入口和部署链清理 | R6.06 / R1.01"
"overhaul-gap-07","critic:extra_findings","P2","500 错误不可追溯: 审计只记 status=500, 没有异常类和请求号回显, 也没有 5xx 率和慢请求告警, 整改期间的回归难以定位","02-审计发现全集.md:2261","R2.05 / R6.03","部分解决(仅源码核验)","server/src/main/java/com/uten/imp/audit/AuditRequestContextFilter.java:36-40; server/src/main/java/com/uten/imp/common/web/ApiError.java:14-28; server/src/main/java/com/uten/imp/common/web/GlobalExceptionHandler.java:286,330-334; server/src/main/java/com/uten/imp/features/admin/serverstatus/ServerStatusProbe.java:369-395 | AuditRequestContextFilter已回显RequestId响应头，ApiError正文无编号；错误头到UI/日志的贯通和路由错误率/延迟告警仍需补验，不能再说响应完全无请求号。","复核中","核验基线d1bbfb7f；历史修复提交尚未逐项追溯，本轮不继承旧运行结论","待执行:按当前裁决对应R0/R1/R3/R6/R7场景回归；历史疑问不直接当当前故障；本子任务未运行上述验证","未运行；旧耗时与修复收益不可作为当前结果","2026-09-30","W09 审计、设置生效和错误追踪 | R6.03 / R2.05"
