调用点ID,源码路径,源码行,模块,页面类型,组件,表格键表达式,列定义解析状态,已有字段键,已有字段标题,关联页面组,数据粒度与范围,API与数据库真源,编辑与保存合同,权限与历史合同,字段完整性与顺序结论,实施与验证证据,状态
lib/components/data_display/uten_revision_table.dart::UtenRevisionTable::build::MasterDataTableView#1,lib/components/data_display/uten_revision_table.dart,134,shared,shared_renderer,MasterDataTableView,tableKey,inline_column_definitions,'_revision' | column.key,'变更' | column.label,待核对,待核对,待核对,待核对,待核对,待核对,待核对,待复核
lib/components/layout/uten_doc_link_picker_sheet.dart::_UtenDocLinkPickerSheetState::_buildStep1::MasterDataTableView#1,lib/components/layout/uten_doc_link_picker_sheet.dart,639,shared,shared_renderer,MasterDataTableView,,external_or_dynamic_column_source_requires_registration,,,待核对,待核对,待核对,待核对,待核对,待核对,待核对,待复核
lib/components/layout/uten_doc_link_picker_sheet.dart::_UtenDocLinkPickerSheetState::_buildStep2::UtenEditableGrid#1,lib/components/layout/uten_doc_link_picker_sheet.dart,698,shared,shared_renderer,UtenEditableGrid,,same_class_column_helper,'sel' | 'goods' | 'goodsCode' | 'color' | 'unit' | 'remainingQty' | 'thisQty','' | '货品名称' | '编号' | '颜色' | '单位' | '剩余' | '本次数量',待核对,待核对,待核对,待核对,待核对,待核对,待核对,待复核
lib/components/print/uten_print_preview.dart::<top>::projectUtenPrintTable::UtenPrintTable#1,lib/components/print/uten_print_preview.dart,176,shared,print,UtenPrintTable,,external_or_dynamic_column_source_requires_registration,,,待核对,待核对,待核对,待核对,待核对,待核对,待核对,待复核
lib/components/print/uten_print_preview.dart::_UtenPrintPreviewDialogState::_print::Table#1,lib/components/print/uten_print_preview.dart,435,shared,print,Table,,external_or_dynamic_column_source_requires_registration,,,待核对,待核对,待核对,待核对,待核对,待核对,待核对,待复核
lib/components/print/uten_print_preview.dart::_UtenPrintPreviewDialogState::_a4Page::Table#1,lib/components/print/uten_print_preview.dart,645,shared,print,Table,,external_or_dynamic_column_source_requires_registration,,,待核对,待核对,待核对,待核对,待核对,待核对,待核对,待复核
lib/features/admin/pages/audit_overview_widgets.dart::_AuditEventTable::build::MasterDataTableView#1,lib/features/admin/pages/audit_overview_widgets.dart,1102,admin,technical_monitor,MasterDataTableView,'features.admin.pages.audit_overview_widgets.AuditEventTable.build.1',inline_column_definitions,'summary' | 'time' | 'actor' | 'object' | 'outcome' | 'risk' | 'department' | 'device' | 'change','操作内容' | '北京时间' | '操作人' | '业务对象' | '结果' | '风险' | '部门' | '设备' | '变化摘要',待核对,待核对,待核对,待核对,待核对,待核对,待核对,待复核
lib/features/admin/pages/audit_overview_widgets.dart::_AuditSessionTable::build::MasterDataTableView#1,lib/features/admin/pages/audit_overview_widgets.dart,1271,admin,technical_monitor,MasterDataTableView,'features.admin.pages.audit_overview_widgets.AuditSessionTable.build.1',inline_column_definitions,'actor' | 'login' | 'status' | 'device' | 'operations' | 'failures' | 'postLogout' | 'logout' | 'credential','操作人' | '登录时间 (北京时间)' | '会话状态' | '设备' | '人工操作' | '失败操作' | '退出后操作' | '退出 / 最后活动' | '凭证状态',待核对,待核对,待核对,待核对,待核对,待核对,待核对,待复核
lib/features/admin/pages/server_status_page.dart::_ServerStatusPageState::_jobs::MasterDataTableView#1,lib/features/admin/pages/server_status_page.dart,696,admin,technical_monitor,MasterDataTableView,'features.admin.pages.server_status_page.ServerStatusPageState._jobs.1',inline_column_definitions,'label' | 'status' | 'lastStartAt' | 'lastEndAt' | 'lastErrorType' | 'detail','任务' | '状态' | '上次开始' | '上次结束' | '上次错误' | '说明',待核对,待核对,待核对,待核对,待核对,待核对,待核对,待复核
lib/features/basic_data/pages/account_detail_page.dart::_AccountDetailPageState::_buildFlowBody::MasterDataTableView#1,lib/features/basic_data/pages/account_detail_page.dart,777,basic_data,readonly_history,MasterDataTableView,'features.basic_data.pages.account_detail_page.AccountDetailPageState._buildFlowBody.1',same_class_column_helper,'billDate' | 'billNo' | 'sourceDocType' | 'entryKind' | 'summary' | 'counterpartName' | 'checkNo' | 'inAmount' | 'outAmount' | 'balance' | 'source','日期' | '单号' | '业务类型' | '流水类型' | '摘要' | '对方单位' | '支票号' | '收入' | '支出' | '余额' | '来源',待核对,待核对,待核对,待核对,待核对,待核对,待核对,待复核
lib/features/basic_data/pages/account_workspace_page.dart::_AccountPageState::_printLoader::UtenPrintTable#1,lib/features/basic_data/pages/account_workspace_page.dart,691,basic_data,print,UtenPrintTable,,external_or_dynamic_column_source_requires_registration,,,待核对,待核对,待核对,待核对,待核对,待核对,待核对,待复核
lib/features/basic_data/pages/account_workspace_page.dart::_AccountPageState::_buildDraftHost::MasterDataTableView#1,lib/features/basic_data/pages/account_workspace_page.dart,775,basic_data,business_list,MasterDataTableView,'features.basic_data.pages.account_workspace_page.AccountPageState._buildDraftHost.1',same_class_column_helper,'code' | 'name' | 'accountType' | 'currencyId' | 'bankAccountNo' | 'balanceCurrent' | 'status','编号' | '账户名称' | '类型' | '币种' | '银行账号' | '当前余额' | '状态',待核对,待核对,待核对,待核对,待核对,待核对,待核对,待复核
lib/features/basic_data/pages/color_page.dart::_ColorPageState::_printLoader::UtenPrintTable#1,lib/features/basic_data/pages/color_page.dart,537,basic_data,print,UtenPrintTable,,external_or_dynamic_column_source_requires_registration,,,待核对,待核对,待核对,待核对,待核对,待核对,待核对,待复核
lib/features/basic_data/pages/color_page.dart::_ColorPageState::_buildDraftHost::MasterDataTableView#1,lib/features/basic_data/pages/color_page.dart,619,basic_data,business_list,MasterDataTableView,'features.basic_data.pages.color_page.ColorPageState._buildDraftHost.1',external_or_dynamic_column_source_requires_registration,,,待核对,待核对,待核对,待核对,待核对,待核对,待核对,待复核
lib/features/basic_data/pages/currency_page.dart::_CurrencyPageState::_printLoader::UtenPrintTable#1,lib/features/basic_data/pages/currency_page.dart,379,basic_data,print,UtenPrintTable,,external_or_dynamic_column_source_requires_registration,,,待核对,待核对,待核对,待核对,待核对,待核对,待核对,待复核
lib/features/basic_data/pages/currency_page.dart::_CurrencyPageState::_buildDraftHost::MasterDataTableView#1,lib/features/basic_data/pages/currency_page.dart,461,basic_data,business_list,MasterDataTableView,'features.basic_data.pages.currency_page.CurrencyPageState._buildDraftHost.1',external_or_dynamic_column_source_requires_registration,,,待核对,待核对,待核对,待核对,待核对,待核对,待核对,待复核
lib/features/basic_data/pages/settlement_method_page.dart::_SettlementMethodPageState::_printLoader::UtenPrintTable#1,lib/features/basic_data/pages/settlement_method_page.dart,300,basic_data,print,UtenPrintTable,,external_or_dynamic_column_source_requires_registration,,,待核对,待核对,待核对,待核对,待核对,待核对,待核对,待复核
lib/features/basic_data/pages/settlement_method_page.dart::_SettlementMethodPageState::_buildDraftHost::MasterDataTableView#1,lib/features/basic_data/pages/settlement_method_page.dart,445,basic_data,business_list,MasterDataTableView,'features.basic_data.pages.settlement_method_page.SettlementMethodPageState._buildDraftHost.1',external_or_dynamic_column_source_requires_registration,,,待核对,待核对,待核对,待核对,待核对,待核对,待核对,待复核
lib/features/basic_data/pages/unit_page.dart::_UnitPageState::_printLoader::UtenPrintTable#1,lib/features/basic_data/pages/unit_page.dart,410,basic_data,print,UtenPrintTable,,external_or_dynamic_column_source_requires_registration,,,待核对,待核对,待核对,待核对,待核对,待核对,待核对,待复核
lib/features/basic_data/pages/unit_page.dart::_UnitPageState::_buildDraftHost::MasterDataTableView#1,lib/features/basic_data/pages/unit_page.dart,525,basic_data,business_list,MasterDataTableView,'features.basic_data.pages.unit_page.UnitPageState._buildDraftHost.1',external_or_dynamic_column_source_requires_registration,,,待核对,待核对,待核对,待核对,待核对,待核对,待核对,待复核
lib/features/basic_data/pages/warehouse_page.dart::_WarehousePageState::_printLoader::UtenPrintTable#1,lib/features/basic_data/pages/warehouse_page.dart,481,basic_data,print,UtenPrintTable,,external_or_dynamic_column_source_requires_registration,,,待核对,待核对,待核对,待核对,待核对,待核对,待核对,待复核
lib/features/basic_data/pages/warehouse_page.dart::_WarehousePageState::_buildDraftHost::MasterDataTableView#1,lib/features/basic_data/pages/warehouse_page.dart,609,basic_data,business_list,MasterDataTableView,'features.basic_data.pages.warehouse_page.WarehousePageState._buildDraftHost.1',same_class_column_helper,'code' | 'name' | 'parent' | 'location' | 'accountable' | 'keepers' | 'status','编号' | '仓库名称' | '上级仓库' | '位置' | '核算' | '负责人' | '状态',待核对,待核对,待核对,待核对,待核对,待核对,待核对,待复核
lib/features/basic_data/widgets/goods_bom_learning_panel.dart::_GoodsBomLearningPanelState::_content::MasterDataTableView#1,lib/features/basic_data/widgets/goods_bom_learning_panel.dart,263,basic_data,business_list,MasterDataTableView,'features.basic_data.widgets.goods_bom_learning_panel.GoodsBomLearningPanelState._content.1',same_class_column_helper,'material' | 'code' | 'unit' | 'learnState' | 'designQty' | 'actualQty' | 'perProducedQty' | 'netQty' | 'exposureOutputQty' | 'defectQty' | 'defectRate' | 'sampleCount' | 'usageBasis' | 'relearn',l10n.bomLearningMaterial | l10n.materialDiscoveryCode | l10n.materialDiscoveryUnit | '状态' | l10n.bomDesignQty | l10n.bomActualQty | l10n.bomLearningPerProduced | l10n.bomLearningNet | l10n.bomLearningExposure | l10n.bomLearningDefect | l10n.bomLearningDefectRate | l10n.bomLearningSampleCount | l10n.bomLearningBasis | l10n.bomLearningAction,待核对,待核对,待核对,待核对,待核对,待核对,待核对,待复核
lib/features/basic_data/widgets/goods_bom_preview.dart::_GoodsBomPreviewDialogState::_print::Table#1,lib/features/basic_data/widgets/goods_bom_preview.dart,203,basic_data,print,Table,,external_or_dynamic_column_source_requires_registration,,,待核对,待核对,待核对,待核对,待核对,待核对,待核对,待复核
lib/features/basic_data/widgets/goods_bom_preview.dart::_GoodsBomPreviewDialogState::_print::Table#2,lib/features/basic_data/widgets/goods_bom_preview.dart,223,basic_data,print,Table,,external_or_dynamic_column_source_requires_registration,,,待核对,待核对,待核对,待核对,待核对,待核对,待核对,待复核
lib/features/basic_data/widgets/goods_bom_preview.dart::_GoodsBomPreviewDialogState::_a4Paper::Table#1,lib/features/basic_data/widgets/goods_bom_preview.dart,413,basic_data,print,Table,,external_or_dynamic_column_source_requires_registration,,,待核对,待核对,待核对,待核对,待核对,待核对,待核对,待复核
lib/features/basic_data/widgets/goods_bom_preview.dart::_GoodsBomPreviewDialogState::_a4Paper::Table#2,lib/features/basic_data/widgets/goods_bom_preview.dart,433,basic_data,print,Table,,external_or_dynamic_column_source_requires_registration,,,待核对,待核对,待核对,待核对,待核对,待核对,待核对,待复核
lib/features/basic_data/widgets/goods_bom_tab.dart::_GoodsBomTabState::build::MasterDataTableView#1,lib/features/basic_data/widgets/goods_bom_tab.dart,956,basic_data,business_list,MasterDataTableView,'features.basic_data.widgets.goods_bom_tab.GoodsBomTabState.build.1',same_class_column_helper,'treeIdentity' | 'learned' | 'audited' | 'code' | 'model' | 'spec' | 'unit' | 'color' | 'source' | 'consumptionBasis' | 'basisOutputQty' | 'allowPartialPackage' | 'qty' | 'actualQty' | 'summary','层级 / 组件' | '学习来源' | '已审' | '编号' | '型号' | '规格' | '单位' | '颜色' | '来源' | '计量方式' | '基准产量' | '尾包' | l10n.bomDesignQty | l10n.bomActualQty | '备注',待核对,待核对,待核对,待核对,待核对,待核对,待核对,待复核
lib/features/basic_data/widgets/goods_cost_actual_panel.dart::_GoodsCostActualPanelState::_showPending::MasterDataTableView#1,lib/features/basic_data/widgets/goods_cost_actual_panel.dart,272,basic_data,business_list,MasterDataTableView,'master.goods.cost.pending',inline_column_definitions,'nextStep' | 'evidence',_l.costEvidenceNextStep | _l.costViewEvidence,待核对,待核对,待核对,待核对,待核对,待核对,待核对,待复核
lib/features/basic_data/widgets/goods_cost_actual_panel.dart::_GoodsCostActualPanelState::_showEvidence::MasterDataTableView#1,lib/features/basic_data/widgets/goods_cost_actual_panel.dart,399,basic_data,business_list,MasterDataTableView,'master.goods.cost.actual.evidence',inline_column_definitions,'value' | 'copy',_l.costEvidenceValue | _l.costCopyValue,待核对,待核对,待核对,待核对,待核对,待核对,待核对,待复核
lib/features/basic_data/widgets/goods_cost_actual_panel.dart::_GoodsCostActualPanelState::build::MasterDataTableView#1,lib/features/basic_data/widgets/goods_cost_actual_panel.dart,740,basic_data,business_list,MasterDataTableView,'master.goods.cost.actual.$_tab',external_or_dynamic_column_source_requires_registration,,,待核对,待核对,待核对,待核对,待核对,待核对,待核对,待复核
lib/features/basic_data/widgets/goods_cost_editor.dart::_GoodsCostEditor::_compareVersions::UtenRevisionTable#1,lib/features/basic_data/widgets/goods_cost_editor.dart,304,basic_data,readonly_history,UtenRevisionTable,'master.goods.cost.comparison',external_or_dynamic_column_source_requires_registration,,,待核对,待核对,待核对,待核对,待核对,待核对,待核对,待复核
lib/features/basic_data/widgets/goods_cost_editor.dart::_GoodsCostEditor::_materialTable::MasterDataTableView#1,lib/features/basic_data/widgets/goods_cost_editor.dart,1043,basic_data,business_list,MasterDataTableView,_GoodsCostTabState._tableKey,external_or_dynamic_column_source_requires_registration,,,待核对,待核对,待核对,待核对,待核对,待核对,待核对,待复核
lib/features/basic_data/widgets/goods_cost_editor.dart::_GoodsCostEditor::_feeTable::UtenEditableGrid#1,lib/features/basic_data/widgets/goods_cost_editor.dart,1585,basic_data,editable_detail,UtenEditableGrid,'master.goods.cost.fees',inline_column_definitions,'goodsName' | key | 'type' | 'category' | 'baseKeys' | 'amount' | 'reason',_l.costGoodsName | label | _l.costFeeMethod | _l.costFeeCategory | _l.costFeeBase | _l.costLineAmount | _l.costNotes,待核对,待核对,待核对,待核对,待核对,待核对,待核对,待复核
lib/features/basic_data/widgets/goods_cost_editor.dart::_GoodsCostEditor::_showEvidence::MasterDataTableView#1,lib/features/basic_data/widgets/goods_cost_editor.dart,1759,basic_data,business_list,MasterDataTableView,'master.goods.cost.evidence',external_or_dynamic_column_source_requires_registration,,,待核对,待核对,待核对,待核对,待核对,待核对,待核对,待复核
lib/features/basic_data/widgets/goods_cost_editor.dart::_GoodsCostEditor::_showSnapshots::MasterDataTableView#1,lib/features/basic_data/widgets/goods_cost_editor.dart,1930,basic_data,business_list,MasterDataTableView,'master.goods.cost.snapshots',inline_column_definitions,'open',_l.costOpen,待核对,待核对,待核对,待核对,待核对,待核对,待核对,待复核
lib/features/basic_data/widgets/goods_cost_import_dialog.dart::_GoodsCostImportDialogState::build::MasterDataTableView#1,lib/features/basic_data/widgets/goods_cost_import_dialog.dart,127,basic_data,selector,MasterDataTableView,'master.goods.cost.import',inline_column_definitions,'reviewed' | 'name' | 'code' | 'unit' | 'kind' | 'target' | 'price' | 'rate' | 'reason',_l.costImportReviewed | _l.costGoodsName | _l.costGoodsCode | _l.costUnit | _l.costImportKind | _l.costImportTarget | _l.costPrice | _l.costPriceUnitRate | _l.costNotes,待核对,待核对,待核对,待核对,待核对,待核对,待核对,待复核
lib/features/basic_data/widgets/goods_cost_production_evidence.dart::_GoodsCostProductionEvidenceState::_showEvidence::MasterDataTableView#1,lib/features/basic_data/widgets/goods_cost_production_evidence.dart,187,basic_data,business_list,MasterDataTableView,'master.goods.cost.production.evidence',inline_column_definitions,'label' | 'value',_l.costEvidenceField | _l.costEvidenceValue,待核对,待核对,待核对,待核对,待核对,待核对,待核对,待复核
lib/features/basic_data/widgets/goods_cost_tab.dart::_GoodsCostTabState::_showCalculationIssues::MasterDataTableView#1,lib/features/basic_data/widgets/goods_cost_tab.dart,1122,basic_data,business_list,MasterDataTableView,'master.goods.cost.pending',inline_column_definitions,'message' | 'adjust',_l.costPendingItems | _l.costAdjustment,待核对,待核对,待核对,待核对,待核对,待核对,待核对,待复核
lib/features/basic_data/widgets/goods_cost_tab.dart::_GoodsCostTabState::_versionPane::MasterDataTableView#1,lib/features/basic_data/widgets/goods_cost_tab.dart,1197,basic_data,business_list,MasterDataTableView,'master.goods.cost.versions',inline_column_definitions,key | 'action',label | _l.costAction,待核对,待核对,待核对,待核对,待核对,待核对,待核对,待复核
lib/features/basic_data/widgets/master_entity_detail_pane.dart::_MasterEntityDetailPaneState::_printLoader::UtenPrintTable#1,lib/features/basic_data/widgets/master_entity_detail_pane.dart,746,basic_data,print,UtenPrintTable,,external_or_dynamic_column_source_requires_registration,,,待核对,待核对,待核对,待核对,待核对,待核对,待核对,待复核
lib/features/basic_data/widgets/master_entity_detail_pane.dart::_MasterEntityDetailPaneState::build::MasterDataTableView#1,lib/features/basic_data/widgets/master_entity_detail_pane.dart,1006,basic_data,readonly_history,MasterDataTableView,'features.basic_data.widgets.master_entity_detail_pane.MasterEntityDetailPaneState.build.1',external_or_dynamic_column_source_requires_registration,,,待核对,待核对,待核对,待核对,待核对,待核对,待核对,待复核
lib/features/department/widgets/department_overview_pane.dart::_DepartmentOverviewPaneState::_employeeTable::MasterDataTableView#1,lib/features/department/widgets/department_overview_pane.dart,548,department,business_list,MasterDataTableView,'features.department.widgets.department_overview_pane.DepartmentOverviewPaneState._employeeTable.1',same_class_column_helper,'code' | 'fullName' | 'departmentName' | 'positionName' | 'status' | 'hireDate' | 'workYears' | 'matchedPlates','工号' | '姓名' | '部门' | '岗位' | '状态' | '入职日期' | '工龄' | '车牌命中',待核对,待核对,待核对,待核对,待核对,待核对,待核对,待复核
lib/features/department/widgets/department_roster_print.dart::<top>::showDepartmentRosterPrint::UtenPrintTable#1,lib/features/department/widgets/department_roster_print.dart,29,department,print,UtenPrintTable,,external_or_dynamic_column_source_requires_registration,,,待核对,待核对,待核对,待核对,待核对,待核对,待核对,待复核
lib/features/employee/pages/employee_list_page.dart::_EmployeeListPageState::_body::MasterDataTableView#1,lib/features/employee/pages/employee_list_page.dart,290,employee,business_list,MasterDataTableView,'features.employee.pages.employee_list_page.EmployeeListPageState._body.1',same_class_column_helper,'code' | 'fullName' | 'departmentName' | 'positionName' | 'status' | 'hireDate' | 'workYears' | 'matchedPlates','工号' | '姓名' | '部门' | '岗位' | '状态' | '入职日期' | '工龄' | '车牌命中',待核对,待核对,待核对,待核对,待核对,待核对,待核对,待复核
lib/features/expense/pages/expense_approval_detail_page.dart::_ExpenseApprovalDetailPageState::_itemsSection::MasterDataTableView#1,lib/features/expense/pages/expense_approval_detail_page.dart,490,expense,readonly_history,MasterDataTableView,'features.expense.pages.expense_approval_detail_page.ExpenseApprovalDetailPageState._itemsSection.1',external_or_dynamic_column_source_requires_registration,,,待核对,待核对,待核对,待核对,待核对,待核对,待核对,待复核
lib/features/expense/pages/expense_approval_list_page.dart::_ExpenseApprovalListPageState::build::MasterDataTableView#1,lib/features/expense/pages/expense_approval_list_page.dart,179,expense,readonly_history,MasterDataTableView,'features.expense.pages.expense_approval_list_page.ExpenseApprovalListPageState.build.1',external_or_dynamic_column_source_requires_registration,,,待核对,待核对,待核对,待核对,待核对,待核对,待核对,待复核
lib/features/expense/pages/expense_claim_edit_page.dart::_ExpenseClaimEditPageState::_itemsSection::MasterDataTableView#1,lib/features/expense/pages/expense_claim_edit_page.dart,503,expense,business_list,MasterDataTableView,'expense.claim.items',external_or_dynamic_column_source_requires_registration,,,待核对,待核对,待核对,待核对,待核对,待核对,待核对,待复核
lib/features/expense/pages/expense_detail_page.dart::_ExpenseDetailPageState::_itemsSection::MasterDataTableView#1,lib/features/expense/pages/expense_detail_page.dart,447,expense,readonly_history,MasterDataTableView,'features.expense.pages.expense_detail_page.ExpenseDetailPageState._itemsSection.1',external_or_dynamic_column_source_requires_registration,,,待核对,待核对,待核对,待核对,待核对,待核对,待核对,待复核
lib/features/expense/pages/expense_list_page.dart::_ExpenseListPageState::build::MasterDataTableView#1,lib/features/expense/pages/expense_list_page.dart,255,expense,business_list,MasterDataTableView,'features.expense.pages.expense_list_page.ExpenseListPageState.build.1',external_or_dynamic_column_source_requires_registration,,,待核对,待核对,待核对,待核对,待核对,待核对,待核对,待复核
lib/features/expense/pages/expense_list_page.dart::_ExpenseListPageState::build::MasterDataTableView#2,lib/features/expense/pages/expense_list_page.dart,270,expense,business_list,MasterDataTableView,'features.expense.pages.expense_list_page.ExpenseListPageState.build.2',external_or_dynamic_column_source_requires_registration,,,待核对,待核对,待核对,待核对,待核对,待核对,待核对,待复核
lib/features/expense/pages/expense_list_page.dart::_ExpenseListPageState::build::MasterDataTableView#3,lib/features/expense/pages/expense_list_page.dart,286,expense,business_list,MasterDataTableView,'features.expense.pages.expense_list_page.ExpenseListPageState.build.3',external_or_dynamic_column_source_requires_registration,,,待核对,待核对,待核对,待核对,待核对,待核对,待核对,待复核
lib/features/expense/widgets/expense_claim_print.dart::<top>::expensePrintItemsTable::UtenPrintTable#1,lib/features/expense/widgets/expense_claim_print.dart,80,expense,print,UtenPrintTable,,external_or_dynamic_column_source_requires_registration,,,待核对,待核对,待核对,待核对,待核对,待核对,待核对,待复核
lib/features/expense/widgets/expense_claim_print.dart::_PaperSheet::build::Table#1,lib/features/expense/widgets/expense_claim_print.dart,368,expense,print,Table,,external_or_dynamic_column_source_requires_registration,,,待核对,待核对,待核对,待核对,待核对,待核对,待核对,待复核
lib/features/expense/widgets/expense_claim_print.dart::_PaperSheet::build::Table#2,lib/features/expense/widgets/expense_claim_print.dart,402,expense,print,Table,,external_or_dynamic_column_source_requires_registration,,,待核对,待核对,待核对,待核对,待核对,待核对,待核对,待复核
lib/features/expense/widgets/expense_claim_print.dart::_PaperSheet::build::Table#3,lib/features/expense/widgets/expense_claim_print.dart,436,expense,print,Table,,external_or_dynamic_column_source_requires_registration,,,待核对,待核对,待核对,待核对,待核对,待核对,待核对,待复核
lib/features/expense/widgets/expense_claim_print.dart::_PaperSheet::_itemsTable::Table#1,lib/features/expense/widgets/expense_claim_print.dart,494,expense,print,Table,,external_or_dynamic_column_source_requires_registration,,,待核对,待核对,待核对,待核对,待核对,待核对,待核对,待复核
lib/features/expense/widgets/expense_claim_print.dart::_PaperSheet::_paymentTable::Table#1,lib/features/expense/widgets/expense_claim_print.dart,526,expense,print,Table,,external_or_dynamic_column_source_requires_registration,,,待核对,待核对,待核对,待核对,待核对,待核对,待核对,待复核
lib/features/expense/widgets/expense_claim_print.dart::_ExpenseClaimPdf::_pdfItemsTable::Table#1,lib/features/expense/widgets/expense_claim_print.dart,777,expense,print,Table,,external_or_dynamic_column_source_requires_registration,,,待核对,待核对,待核对,待核对,待核对,待核对,待核对,待复核
lib/features/expense/widgets/expense_claim_print.dart::_ExpenseClaimPdf::_pdfSignTable::Table#1,lib/features/expense/widgets/expense_claim_print.dart,873,expense,print,Table,,external_or_dynamic_column_source_requires_registration,,,待核对,待核对,待核对,待核对,待核对,待核对,待核对,待复核
lib/features/expense/widgets/expense_invoice_section.dart::ExpenseInvoiceSection::build::MasterDataTableView#1,lib/features/expense/widgets/expense_invoice_section.dart,132,expense,business_list,MasterDataTableView,'features.expense.widgets.expense_invoice_section.ExpenseInvoiceSection.build.1',inline_column_definitions,'attachment','凭证原件',待核对,待核对,待核对,待核对,待核对,待核对,待核对,待复核
lib/features/expense/widgets/expense_submission_revision.dart::ExpenseSubmissionItemTable::build::UtenRevisionTable#1,lib/features/expense/widgets/expense_submission_revision.dart,342,expense,readonly_history,UtenRevisionTable,'expense.claim.items',inline_column_definitions,'category' | 'date' | 'description' | 'amount','费用科目' | '日期' | '说明' | '金额',待核对,待核对,待核对,待核对,待核对,待核对,待核对,待复核
lib/features/expense/widgets/expense_submission_revision.dart::ExpenseSubmissionInvoiceTable::build::UtenRevisionTable#1,lib/features/expense/widgets/expense_submission_revision.dart,411,expense,readonly_history,UtenRevisionTable,'features.expense.widgets.expense_submission_revision.ExpenseSubmissionInvoiceTable.build.1',inline_column_definitions,field.key,field.value,待核对,待核对,待核对,待核对,待核对,待核对,待核对,待复核
lib/features/finance/pages/finance_account_flow_page.dart::_FinanceAccountFlowPageState::_printLoader::UtenPrintTable#1,lib/features/finance/pages/finance_account_flow_page.dart,208,finance,print,UtenPrintTable,,external_or_dynamic_column_source_requires_registration,,,待核对,待核对,待核对,待核对,待核对,待核对,待核对,待复核
lib/features/finance/pages/finance_account_flow_page.dart::_FinanceAccountFlowPageState::_buildTable::MasterDataTableView#1,lib/features/finance/pages/finance_account_flow_page.dart,464,finance,business_list,MasterDataTableView,'features.finance.pages.finance_account_flow_page.FinanceAccountFlowPageState._buildTable.1',external_or_dynamic_column_source_requires_registration,,,待核对,待核对,待核对,待核对,待核对,待核对,待核对,待复核
lib/features/finance/pages/finance_ar_ap_overview_page.dart::_FinanceArApOverviewPageState::_printLoader::UtenPrintTable#1,lib/features/finance/pages/finance_ar_ap_overview_page.dart,520,finance,print,UtenPrintTable,,external_or_dynamic_column_source_requires_registration,,,待核对,待核对,待核对,待核对,待核对,待核对,待核对,待复核
lib/features/finance/pages/finance_ar_ap_overview_page.dart::_FinanceArApOverviewPageState::_buildTable::MasterDataTableView#1,lib/features/finance/pages/finance_ar_ap_overview_page.dart,828,finance,report,MasterDataTableView,'features.finance.pages.finance_ar_ap_overview_page.FinanceArApOverviewPageState._buildTable.1',external_or_dynamic_column_source_requires_registration,,,待核对,待核对,待核对,待核对,待核对,待核对,待核对,待复核
lib/features/finance/pages/finance_ar_ap_page.dart::_FinanceArApPageState::build::MasterDataTableView#1,lib/features/finance/pages/finance_ar_ap_page.dart,487,finance,business_list,MasterDataTableView,'features.finance.pages.finance_ar_ap_page.FinanceArApPageState.build.1',same_class_column_helper,'billNo' | 'direction' | 'sourceDocType' | 'openItemKind' | 'legacySourceResolution' | 'salesOrderNos' | 'sourceDocNo' | 'party' | 'billDate' | 'dueDate' | 'settlementStyleLegacy' | 'currency' | 'exchangeRate' | 'amountOriginal' | 'amountReceivedOriginal' | 'amountWriteOffOriginal' | 'prepaymentAppliedOriginal' | 'amountBalanceOriginal' | 'amountBalance' | 'settled' | 'remark',"'单据号' | '方向' | '来源类型' | '往来项目' | '历史原单匹配' | '销售订单号' | '来源单号' | directionLabel(ar: '客户', ap: '供应商', mixed: '往来方') | '立帐日' | '到期日' | '结账方式' | '币别' | '立账汇率' | directionLabel(ar: '应收款金额', ap: '应付款金额', mixed: '立账金额') | directionLabel(ar: '已收款金额', ap: '已付款金额', mixed: '已结算金额') | '冲销金额' | '预收已抵' | directionLabel(ar: '未收金额', ap: '未付金额', mixed: '未结金额') | directionLabel(ar: '未收人民币', ap: '未付人民币', mixed: '未结人民币') | '已结' | '备注'",待核对,待核对,待核对,待核对,待核对,待核对,待核对,待复核
lib/features/finance/pages/finance_doc_detail_page.dart::_FinanceDocDetailPageState::_itemsCard::MasterDataTableView#1,lib/features/finance/pages/finance_doc_detail_page.dart,991,finance,readonly_history,MasterDataTableView,'finance.${widget.docType.name}.items',external_or_dynamic_column_source_requires_registration,,,待核对,待核对,待核对,待核对,待核对,待核对,待核对,待复核
lib/features/finance/pages/finance_doc_edit_page.dart::_FinanceDocEditPageState::build::UtenEditableGrid#1,lib/features/finance/pages/finance_doc_edit_page.dart,2467,finance,editable_detail,UtenEditableGrid,'finance.${widget.docType.name}.items',external_or_dynamic_column_source_requires_registration,,,待核对,待核对,待核对,待核对,待核对,待核对,待核对,待复核
lib/features/finance/pages/finance_doc_list_page.dart::_FinanceDocListPageState::build::MasterDataTableView#1,lib/features/finance/pages/finance_doc_list_page.dart,508,finance,business_list,MasterDataTableView,'finance.${widget.docType.name}.list',same_class_column_helper,'billNo' | 'billDate' | 'receiptKind' | _cfg.isClient ? 'clientId' : 'supplierId' | 'accountId' | 'amountLocal' | 'recordOrigin' | 'status','单据号' | '日期' | '收款类型' | _cfg.partyLabel | _cfg.accountLabel | '合计' | '来源' | '状态',待核对,待核对,待核对,待核对,待核对,待核对,待核对,待复核
lib/features/finance/pages/finance_procurement_approval_review_page.dart::_FinanceProcurementApprovalReviewPageState::_itemsSection::UtenRevisionTable#1,lib/features/finance/pages/finance_procurement_approval_review_page.dart,873,finance,readonly_history,UtenRevisionTable,"switch (r.orderType) {FinanceProcurementOrderType.purchase => 'purchase.order.items', FinanceProcurementOrderType.subcontract => 'subcontract.order.items', FinanceProcurementOrderType.unknown => 'finance.procurement.unknown.items'}",inline_column_definitions,'lineNo' | 'goods' | 'goodsCode' | 'colorName' | 'qty' | 'unitName' | 'unitRate' | 'price' | 'amountOriginal' | 'currencyName' | 'amountLocal' | 'deliverDate' | 'sourceDocNo' | 'sourceApplicationNos' | 'allowedLossPct' | 'giftQty' | 'remark','行号' | '货品名称' | '编号' | '颜色' | '数量' | '单位' | '换算率' | '单价' | comparing ? '原币总金额' : '总金额(${r.currencyLabel})' | '币种' | '总金额(本币)' | '交货日' | '来源单号' | '申请来源 / 分配数量' | '允许损耗(%)' | '赠品数量' | '行备注',待核对,待核对,待核对,待核对,待核对,待核对,待核对,待复核
lib/features/finance/pages/finance_procurement_approval_tasks_page.dart::_FinanceProcurementApprovalTasksPageState::_buildList::MasterDataTableView#1,lib/features/finance/pages/finance_procurement_approval_tasks_page.dart,665,finance,readonly_history,MasterDataTableView,'features.finance.pages.finance_procurement_approval_tasks_page.FinanceProcurementApprovalTasksPageState._buildList.1',same_class_column_helper,'orderType' | 'billNo' | 'supplierName' | 'totalOriginal' | 'amount' | 'expectedDate' | 'submittedByName' | 'submittedAt' | 'attempt' | 'status','订货类型' | '订货单号' | '供应商 / 委外商' | '订货金额' | '折合本币' | '预计到货日' | '提交人' | '提交时间' | '审批轮次' | '状态',待核对,待核对,待核对,待核对,待核对,待核对,待核对,待复核
lib/features/finance/pages/finance_quote_review_list_page.dart::_FinanceQuoteReviewListPageState::_desktop::MasterDataTableView#1,lib/features/finance/pages/finance_quote_review_list_page.dart,313,finance,readonly_history,MasterDataTableView,'features.finance.pages.finance_quote_review_list_page.FinanceQuoteReviewListPageState._desktop.1',same_class_column_helper,'billNo' | 'clientName' | 'sellerName' | 'submittedAt' | 'lineCount' | 'totalOriginal' | 'status',l10n.quoteFinanceColBillNo | l10n.quoteFinanceColClient | l10n.quoteFinanceColSeller | l10n.quoteFinanceColSubmittedAt | l10n.quoteFinanceColLines | l10n.quoteFinanceColAmount | l10n.quoteFinanceColStatus,待核对,待核对,待核对,待核对,待核对,待核对,待核对,待复核
lib/features/finance/pages/finance_quote_review_page.dart::_FinanceQuoteReviewPageState::_linesTable::MasterDataTableView#1,lib/features/finance/pages/finance_quote_review_page.dart,1048,finance,readonly_history,MasterDataTableView,'sales.quote.items',inline_column_definitions,'goods' | 'nameEn' | 'goodsCode' | 'colorName' | 'qty' | 'unitName' | 'listPrice' | 'clientPrice' | 'clientPriceLocal' | 'dealPrice' | 'discount' | 'amount' | 'fileDiff' | 'lastConfirmed' | 'salesProposed' | 'clientModel' | 'clientGoodsName' | 'remark',l10n.quoteFinanceColGoods | '英文名称' | l10n.quoteFinanceColCode | l10n.quoteFinanceColColor | l10n.quoteFinanceColQty | l10n.quoteFinanceColUnit | l10n.quoteFinanceColListPrice | review.clientFileCurrency == null ? l10n.quoteFinanceColFilePrice : '${l10n.quoteFinanceColFilePrice} ${review.clientFileCurrency}' | l10n.quoteFinanceColFilePriceLocal | l10n.quoteFinanceColDealPrice | l10n.quoteFinanceColDiscount | l10n.quoteFinanceColLineAmount | l10n.quoteFinanceColFileDiff | l10n.quoteFinanceColLastConfirmed | l10n.quoteFinanceColSalesProposed | l10n.quoteFinanceColFileModel | l10n.quoteFinanceColFileName | l10n.quoteFinanceColRemark,待核对,待核对,待核对,待核对,待核对,待核对,待核对,待复核
lib/features/finance/pages/finance_reconciliation_page.dart::_FinanceReconciliationPageState::build::MasterDataTableView#1,lib/features/finance/pages/finance_reconciliation_page.dart,352,finance,business_list,MasterDataTableView,'features.finance.pages.finance_reconciliation_page.FinanceReconciliationPageState.build.1',same_class_column_helper,'billDate' | 'billNo' | 'accountId' | 'counterpartName' | 'inAmount' | 'outAmount' | 'sourceDocType' | 'entryKind' | 'reversalOfId','日期' | '单据号' | '账户' | '对手方' | '收入' | '支出' | '来源' | '流水类型' | '原流水 UUID',待核对,待核对,待核对,待核对,待核对,待核对,待核对,待复核
lib/features/finance/pages/finance_report_table_page.dart::_FinanceReportTablePageState::_printLoader::UtenPrintTable#1,lib/features/finance/pages/finance_report_table_page.dart,192,finance,print,UtenPrintTable,,external_or_dynamic_column_source_requires_registration,,,待核对,待核对,待核对,待核对,待核对,待核对,待核对,待复核
lib/features/finance/pages/finance_report_table_page.dart::_FinanceReportTablePageState::_buildTable::MasterDataTableView#1,lib/features/finance/pages/finance_report_table_page.dart,557,finance,report,MasterDataTableView,'features.finance.pages.finance_report_table_page.FinanceReportTablePageState._buildTable.1',external_or_dynamic_column_source_requires_registration,,,待核对,待核对,待核对,待核对,待核对,待核对,待核对,待复核
lib/features/finance/pages/finance_sales_order_confirmation_page.dart::_FinanceSalesOrderConfirmationPageState::_desktopWorkbench::MasterDataTableView#1,lib/features/finance/pages/finance_sales_order_confirmation_page.dart,730,finance,business_list,MasterDataTableView,'sales.order.items',same_class_column_helper,'billNo' | 'clientName' | 'sellerName' | 'totalOriginal' | 'clientBalance' | 'deliverDate' | 'shipmentPolicy' | 'urgency' | 'itemCount' | 'billDate' | 'status','销售单号' | '客户' | '业务员' | '订单金额' | '客户应收' | '交货日期' | '发运策略' | '紧迫度' | '明细行' | '开单日期' | '审核状态 / 原因',待核对,待核对,待核对,待核对,待核对,待核对,待核对,待复核
lib/features/finance/pages/finance_sales_order_review_page.dart::_FinanceSalesOrderReviewPageState::_itemsCard::MasterDataTableView#1,lib/features/finance/pages/finance_sales_order_review_page.dart,914,finance,readonly_history,MasterDataTableView,'sales.order.items',inline_column_definitions,'goods' | 'nameEn' | 'goodsCode' | 'colorName' | 'qty' | 'unitName' | 'price' | 'discount' | 'amount' | 'quotePrice' | 'quoteDiscount' | 'matchesQuote' | 'clientPrice' | 'clientModel' | 'clientGoodsName' | 'remark','货品名称' | '英文名称' | '编号' | '颜色' | '数量' | '单位' | '单价' | '折扣' | '金额(${r.currencyLabel})' | l10n.quoteFinanceOrderColQuotePrice | l10n.quoteFinanceOrderColQuoteDiscount | l10n.quoteFinanceOrderColMatch | l10n.quoteFinanceOrderColFilePrice(r.clientFileCurrency ?? l10n.quoteFinanceOrderFileCurrencyUnknown) | l10n.quoteFinanceOrderColFileModel | l10n.quoteFinanceOrderColFileName | '备注',待核对,待核对,待核对,待核对,待核对,待核对,待核对,待复核
lib/features/finance/pages/finance_sales_shipment_audit_review_page.dart::_FinanceSalesShipmentAuditReviewPageState::_itemsCard::MasterDataTableView#1,lib/features/finance/pages/finance_sales_shipment_audit_review_page.dart,1132,finance,technical_monitor,MasterDataTableView,'features.finance.pages.finance_sales_shipment_audit_review_page.FinanceSalesShipmentAuditReviewPageState._itemsCard.1',inline_column_definitions,'goods' | 'goodsCode' | 'colorName' | 'unitName' | 'stockPlace' | 'qty' | 'price' | 'amount' | 'remark','货品名称' | '编号' | '颜色' | '单位' | '库位号' | '数量' | '单价' | '金额' | '备注',待核对,待核对,待核对,待核对,待核对,待核对,待核对,待复核
lib/features/finance/pages/finance_statement_page.dart::_FinanceStatementPageState::_printLoader::UtenPrintTable#1,lib/features/finance/pages/finance_statement_page.dart,252,finance,print,UtenPrintTable,,external_or_dynamic_column_source_requires_registration,,,待核对,待核对,待核对,待核对,待核对,待核对,待核对,待复核
lib/features/finance/pages/finance_statement_page.dart::_FinanceStatementPageState::_buildTable::MasterDataTableView#1,lib/features/finance/pages/finance_statement_page.dart,551,finance,report,MasterDataTableView,'features.finance.pages.finance_statement_page.FinanceStatementPageState._buildTable.1',external_or_dynamic_column_source_requires_registration,,,待核对,待核对,待核对,待核对,待核对,待核对,待核对,待复核
lib/features/finance/payables/pages/finance_payables_page.dart::_FinancePayablesPageState::_buildPayablesTablePane::MasterDataTableView#1,lib/features/finance/payables/pages/finance_payables_page.dart,963,finance,business_list,MasterDataTableView,'features.finance.payables.pages.finance_payables_page.FinancePayablesPageState._buildPayablesTablePane.1',same_class_column_helper,'businessType' | 'sourceDocType' | 'sourceDocNo' | 'supplierName' | 'billDate' | 'dueDate' | 'settlementMethod' | 'currencyCode' | 'openItemKind' | 'grossOriginal' | 'grossLocal' | 'paidOriginal' | 'paidLocal' | 'offsetOriginal' | 'offsetLocal' | 'outstandingOriginal' | 'outstandingLocal' | 'status' | 'overdueDays','业务类型' | '来源类型' | '来源单号' | '供应商/委外商' | '立账日' | '到期日' | '结算方式' | '币种' | '余额类型' | '应付(原币)' | '应付(本币)' | '现金已付(原币)' | '现金已付(本币)' | '抵销(原币)' | '抵销(本币)' | '未付(原币)' | '未付(本币)' | '状态' | '逾期天数',待核对,待核对,待核对,待核对,待核对,待核对,待核对,待复核
lib/features/finance/payables/widgets/subcontract_loss_claim_detail_panel.dart::_SubcontractLossClaimDetailPanelState::_linesTable::MasterDataTableView#1,lib/features/finance/payables/widgets/subcontract_loss_claim_detail_panel.dart,418,finance,readonly_history,MasterDataTableView,'finance.subcontractLoss.valuation',inline_column_definitions,'goodsName' | 'goodsCode' | 'colorName' | 'actualLossQty' | 'allowedLossQty' | 'excessLossQty' | 'unitBookValueLocal' | 'lossBookValueLocal' | 'valuationStatus','材料名称' | '编号' | '颜色' | '实际损耗' | '允许损耗' | '超耗' | '单位账面价值' | '账面损失' | '估值状态',待核对,待核对,待核对,待核对,待核对,待核对,待核对,待复核
lib/features/finance/payables/widgets/subcontract_loss_claim_panel.dart::_SubcontractLossClaimPanelState::build::MasterDataTableView#1,lib/features/finance/payables/widgets/subcontract_loss_claim_panel.dart,294,finance,business_list,MasterDataTableView,'features.finance.payables.widgets.subcontract_loss_claim_panel.SubcontractLossClaimPanelState.build.1',same_class_column_helper,'wasteBillNo' | 'supplierName' | 'actualLossQty' | 'allowedLossQty' | 'excessLossQty' | 'lossBookValueLocal' | 'claimAmountLocal' | 'status' | 'createdAt','损耗单号' | '委外商' | '实际损耗' | '允许损耗' | '超耗' | '账面损失(本币)' | '索赔额(本币)' | '责任状态' | '生成时间',待核对,待核对,待核对,待核对,待核对,待核对,待核对,待复核
lib/features/finance/payables/widgets/supplier_settlement_panel.dart::_SupplierSettlementPanelState::build::MasterDataTableView#1,lib/features/finance/payables/widgets/supplier_settlement_panel.dart,302,finance,business_list,MasterDataTableView,'features.finance.payables.widgets.supplier_settlement_panel.SupplierSettlementPanelState.build.1',same_class_column_helper,'batchNo' | 'supplierName' | 'currencyCode' | 'periodStart' | 'dueDate' | 'openingBalanceOriginal' | 'periodPostedOriginal' | 'periodPaidOriginal' | 'periodOffsetOriginal' | 'closingBalanceOriginal' | 'lineCount' | 'status','批次号' | '供应商' | '币种' | '月份' | '到期日' | '期初(原币)' | '本期立账/红冲' | '账面付款' | '抵销' | '期末(原币)' | '行数' | '状态',待核对,待核对,待核对,待核对,待核对,待核对,待核对,待复核
lib/features/finance/payables/widgets/supplier_settlement_panel.dart::_SupplierSettlementDetailPanelState::_body::MasterDataTableView#1,lib/features/finance/payables/widgets/supplier_settlement_panel.dart,559,finance,business_list,MasterDataTableView,'finance.supplierSettlement.snapshot',inline_column_definitions,'sourceDocNo' | 'openItemKind' | 'openingBalanceOriginal' | 'periodPostedOriginal' | 'periodPaidOriginal' | 'periodOffsetOriginal' | 'closingBalanceOriginal' | 'dueDate','来源单' | '类型' | '期初' | '本期立账/红冲' | '账面付款' | '抵销' | '期末' | '到期日',待核对,待核对,待核对,待核对,待核对,待核对,待核对,待复核
lib/features/finance/widgets/ar_ap_picker_dialog.dart::_ArApPickerSheetState::_buildBody::UtenEditableGrid#1,lib/features/finance/widgets/ar_ap_picker_dialog.dart,617,finance,selector,UtenEditableGrid,'features.finance.widgets.ar_ap_picker_dialog.ArApPickerSheetState._buildBody.1',same_class_column_helper,'sel' | 'billNo' | 'billDate' | 'salesOrders' | 'source' | 'currency' | 'amount' | 'settled' | 'writtenOff' | 'prepaymentApplied' | 'balance' | 'thisAmt','' | '$_ledgerNoun单号' | '日期' | _isAr ? '销售订单号' : '关联单号' | '来源类型 / 单号' | '币别' | _isAr ? '应收总额' : '应付金额' | _isAr ? '累计已收' : '已付金额' | '累计冲销' | '预收已抵' | _isAr ? '本次可收' : '未付金额' | '本次$_actionNoun金额',待核对,待核对,待核对,待核对,待核对,待核对,待核对,待复核
lib/features/finance/widgets/finance_asset_detail.dart::_FinanceAssetDetailSurfaceState::_booksAndSchedule::MasterDataTableView#1,lib/features/finance/widgets/finance_asset_detail.dart,647,finance,readonly_history,MasterDataTableView,'finance.asset.schedule',inline_column_definitions,'period' | 'openingBalance' | 'amount' | 'accumulatedAmount' | 'closingBalance' | 'status','期间' | '期初' | '本期计提' | '累计' | '期末' | '状态',待核对,待核对,待核对,待核对,待核对,待核对,待核对,待复核
lib/features/finance/widgets/finance_asset_ledger_panel.dart::_FinanceAssetLedgerPanelState::_table::MasterDataTableView#1,lib/features/finance/widgets/finance_asset_ledger_panel.dart,534,finance,report,MasterDataTableView,'finance.asset.${widget.ledger.name}.ledger',inline_column_definitions,'code' | 'name' | 'categoryName' | 'departmentName' | 'grossAmount' | 'balance' | 'startPeriod' | 'status','编号' | '名称' | '分类' | '归属部门' | widget.ledger.amountLabel | widget.ledger == FinanceAssetLedger.fixedAsset ? '账面净值' : '待摊余额' | '开始期间' | '状态',待核对,待核对,待核对,待核对,待核对,待核对,待核对,待复核
lib/features/finance/widgets/finance_asset_posting_panel.dart::_FinanceAssetPostingPanelState::_previewLines::MasterDataTableView#1,lib/features/finance/widgets/finance_asset_posting_panel.dart,629,finance,readonly_history,MasterDataTableView,'finance.asset.postingPreview',inline_column_definitions,'code' | 'name' | 'amount' | 'status' | 'message','编号' | '名称' | '计提金额' | '状态' | '说明',待核对,待核对,待核对,待核对,待核对,待核对,待核对,待复核
lib/features/finance/widgets/finance_asset_revision_section.dart::FinanceAssetRevisionSection::_workflow::UtenRevisionTable#1,lib/features/finance/widgets/finance_asset_revision_section.dart,223,finance,readonly_history,UtenRevisionTable,'features.finance.widgets.finance_asset_revision_section.FinanceAssetRevisionSection._workflow.1',inline_column_definitions,key,_fieldLabel(key),待核对,待核对,待核对,待核对,待核对,待核对,待核对,待复核
lib/features/finance/widgets/inventory_cost_posting_dialog.dart::_InventoryCostPostingDialogState::build::MasterDataTableView#1,lib/features/finance/widgets/inventory_cost_posting_dialog.dart,706,finance,business_list,MasterDataTableView,'finance.inventory_cost_posting',external_or_dynamic_column_source_requires_registration,,,待核对,待核对,待核对,待核对,待核对,待核对,待核对,待复核
lib/features/finance/widgets/sales_order_revision_table.dart::SalesOrderRevisionTable::build::UtenRevisionTable#1,lib/features/finance/widgets/sales_order_revision_table.dart,132,finance,readonly_history,UtenRevisionTable,'features.finance.widgets.sales_order_revision_table.SalesOrderRevisionTable.build.1',inline_column_definitions,'goodsName' | '英文名称' | 'goodsCode' | key,'货品名称' | '英文名称' | '编号' | label,待核对,待核对,待核对,待核对,待核对,待核对,待核对,待复核
lib/features/hr_profile/pages/hr_profile_changes_list_page.dart::_HrProfileChangesListPageState::_buildBody::MasterDataTableView#1,lib/features/hr_profile/pages/hr_profile_changes_list_page.dart,342,hr_profile,business_list,MasterDataTableView,'features.hr_profile.pages.hr_profile_changes_list_page.HrProfileChangesListPageState._buildBody.1',same_class_column_helper,'employeeName' | 'employeeCode' | 'departmentName' | 'itemCount' | 'fieldCodes' | 'submittedAt' | 'status','员工姓名' | '工号' | '部门' | '变更项数' | '变更字段' | '提交时间' | '状态',待核对,待核对,待核对,待核对,待核对,待核对,待核对,待复核
lib/features/hr_task/pages/hr_task_list_page.dart::_HrTaskListPageState::_desktopTable::MasterDataTableView#1,lib/features/hr_task/pages/hr_task_list_page.dart,233,hr_task,business_list,MasterDataTableView,'features.hr_task.pages.hr_task_list_page.HrTaskListPageState._desktopTable.1',same_class_column_helper,'code' | 'name' | 'deptName' | 'positionName' | 'date' | 'days' | 'window' | 'claim' | 'blessed','工号' | '姓名' | '部门' | '岗位' | _dateColumnLabel | _daysColumnLabel | '区间' | '认领' | '已祝福',待核对,待核对,待核对,待核对,待核对,待核对,待核对,待复核
lib/features/operations_workbench/pages/operations_workbench_page.dart::_DesktopTaskTable::build::MasterDataTableView#1,lib/features/operations_workbench/pages/operations_workbench_page.dart,824,operations_workbench,business_list,MasterDataTableView,'features.operations_workbench.pages.operations_workbench_page.DesktopTaskTable.build.1',inline_column_definitions,'planNo' | 'actionDocNo' | 'goodsName' | 'goodsCode' | 'colorName' | 'spec' | 'supplyRoute' | 'requiredQty' | 'allocatedQty' | 'fulfilledQty' | 'openQty' | 'status' | 'exception' | 'warehouseName' | 'needDate' | 'expectedDate' | 'action','计划号' | '单据号' | '货品名称' | '编号' | '颜色' | '规格' | '供给方式' | '需求数量' | '已分配' | '已履约' | '未完成' | '状态' | '异常' | '仓库' | '需求日期' | '预计日期' | '执行入口',待核对,待核对,待核对,待核对,待核对,待核对,待核对,待复核
lib/features/payroll/pages/payroll_review_page.dart::_BatchDetail::build::MasterDataTableView#1,lib/features/payroll/pages/payroll_review_page.dart,489,payroll,readonly_history,MasterDataTableView,'features.payroll.pages.payroll_review_page.BatchDetail.build.1',external_or_dynamic_column_source_requires_registration,,,待核对,待核对,待核对,待核对,待核对,待核对,待核对,待复核
lib/features/payroll/pages/payroll_slip_list_page.dart::_PayrollSlipListPageState::build::MasterDataTableView#1,lib/features/payroll/pages/payroll_slip_list_page.dart,70,payroll,business_list,MasterDataTableView,'features.payroll.pages.payroll_slip_list_page.PayrollSlipListPage.build.1',external_or_dynamic_column_source_requires_registration,,,待核对,待核对,待核对,待核对,待核对,待核对,待核对,待复核
lib/features/procurement_iqc_rejection/pages/procurement_iqc_rejection_list_page.dart::_ProcurementIqcRejectionListPageState::_buildTable::MasterDataTableView#1,lib/features/procurement_iqc_rejection/pages/procurement_iqc_rejection_list_page.dart,461,procurement_iqc_rejection,business_list,MasterDataTableView,'features.procurement_iqc_rejection.pages.procurement_iqc_rejection_list_page.ProcurementIqcRejectionListPageState._buildTable.1',same_class_column_helper,'receiptType' | 'receiptBillNo' | 'orderBillNo' | 'supplierName' | 'goodsName' | 'goodsCode' | 'colorName' | 'failedQty' | 'amount' | 'status' | 'holdReason','来源' | '收货 / 回厂单' | '订货单' | '供应商 / 委外商' | '不合格货品名称' | '编号' | '颜色' | '不合格数量' | '不合格金额(本币)' | '状态' | '异常原因 / 下一步',待核对,待核对,待核对,待核对,待核对,待核对,待核对,待复核
lib/features/production/pages/material_analysis_bucket_detail.dart::_MaterialAnalysisBucketPageState::_bucketTable::MasterDataTableView#1,lib/features/production/pages/material_analysis_bucket_detail.dart,735,production,readonly_history,MasterDataTableView,'features.production.pages.material_analysis_bucket_detail.MaterialAnalysisBucketPageState._bucketTable.1',external_or_dynamic_column_source_requires_registration,,,待核对,待核对,待核对,待核对,待核对,待核对,待核对,待复核
lib/features/production/pages/material_analysis_candidates.dart::_MaterialAnalysisCandidatesState::_salesCandidateTable::MasterDataTableView#1,lib/features/production/pages/material_analysis_candidates.dart,567,production,business_list,MasterDataTableView,'features.production.pages.material_analysis_candidates.MaterialAnalysisCandidatesState._salesCandidateTable.1',same_class_column_helper,'orderNo' | 'goodsName' | 'goodsCode' | 'colorName' | 'spec' | 'remainingQty' | 'analysisQty' | 'deliveryDate' | 'analysisStatus','销售单号' | '产品名称' | '编号' | '颜色' | '规格' | '待排数量' | '本次分析数量' | '交货日期' | '分析状态',待核对,待核对,待核对,待核对,待核对,待核对,待核对,待复核
lib/features/production/pages/material_analysis_material_table.dart::_MaterialAnalysisMaterialTableState::_materialAnalysisTable::MasterDataTableView#1,lib/features/production/pages/material_analysis_material_table.dart,900,production,business_list,MasterDataTableView,'features.production.pages.material_analysis_material_table.MaterialAnalysisMaterialTableState._materialAnalysisTable.1',same_class_column_helper,'handle' | 'treeIdentity' | 'goodsCode' | 'colorName' | 'unitName' | 'route' | 'requiredQty' | 'publicAvailableQty' | 'netShortageQty' | 'orderQty' | 'allowedOverproductionRate' | 'appendQty' | 'owningWarehouse' | 'productionWorkshop' | 'responsible' | 'status',_l10n.materialHandle | _bomAggregateByMaterial ? _l10n.materialIdentityByMaterial : _l10n.materialIdentityByProduct | '编号' | '颜色' | '单位' | _l10n.materialRoute | _l10n.materialRequired | _l10n.materialPublicAvailable | _l10n.materialShortage | _l10n.materialToSupply | '允许超产比例' | _l10n.materialAdditionalOrder | '所属仓库' | _l10n.materialProductionWorkshop | _l10n.materialResponsible | _l10n.materialProgress,待核对,待核对,待核对,待核对,待核对,待核对,待核对,待复核
lib/features/production/pages/material_analysis_order_page.dart::_PreparationOrderPageState::build::MasterDataTableView#1,lib/features/production/pages/material_analysis_order_page.dart,185,production,business_list,MasterDataTableView,'features.production.pages.material_analysis_order_page.PreparationOrderPageState.build.1',external_or_dynamic_column_source_requires_registration,,,待核对,待核对,待核对,待核对,待核对,待核对,待核对,待复核
lib/features/production/pages/production_analysis_sales_order_page.dart::_ProductionAnalysisSalesOrderPageState::_table::MasterDataTableView#1,lib/features/production/pages/production_analysis_sales_order_page.dart,196,production,business_list,MasterDataTableView,'features.production.pages.production_analysis_sales_order_page.ProductionAnalysisSalesOrderPageState._table.1',same_class_column_helper,'lineNo' | 'goodsName' | 'goodsCode' | 'colorName' | 'unit' | 'qty' | 'shippedQty' | 'outstandingQty' | 'reservedQty' | 'plannedQty' | 'producedQty' | 'unplannedQty' | 'deliverDate' | 'inAnalysis','行号' | '货品名称' | '编号' | '颜色' | '单位' | '订货量' | '已发' | '未发' | '已预留' | '已排产' | '已完工' | '剩余未排' | '交货日期' | '本次分析',待核对,待核对,待核对,待核对,待核对,待核对,待核对,待复核
lib/features/production/pages/production_board_page.dart::_PendingPanelState::_list::MasterDataTableView#1,lib/features/production/pages/production_board_page.dart,934,production,business_list,MasterDataTableView,'features.production.pages.production_board_page.PendingPanelState._list.1',same_class_column_helper,'orderBillNo' | 'goodsName' | 'goodsCode' | 'colorName' | 'unit' | 'qty' | 'needQty' | 'plannedQty' | 'analysisCoveredQty' | 'deliverDate' | 'status','销售单号' | '货品名称' | '编号' | '颜色' | '单位' | '订货量' | '缺口' | '已排' | '已分析' | '交货日期' | '状态',待核对,待核对,待核对,待核对,待核对,待核对,待核对,待复核
lib/features/production/pages/production_daily_report_detail_page.dart::_ProductionDailyReportDetailPageState::_itemsCard::MasterDataTableView#1,lib/features/production/pages/production_daily_report_detail_page.dart,527,production,readonly_history,MasterDataTableView,'production.daily.items',inline_column_definitions,'goods' | 'goodsCode' | 'colorName' | 'unitName' | 'qty' | 'defectQty' | 'outputKind' | 'weight' | 'planNo' | 'destination' | 'routeNote','货品名称' | '编号' | '颜色' | '单位' | '完工申报量' | '不良数' | '产出归属' | '实际重量' | '计划号' | '产出去向' | '去向说明',待核对,待核对,待核对,待核对,待核对,待核对,待核对,待复核
lib/features/production/pages/production_daily_report_edit_page.dart::_ProductionDailyReportEditPageState::build::UtenEditableGrid#1,lib/features/production/pages/production_daily_report_edit_page.dart,2866,production,editable_detail,UtenEditableGrid,'production.daily.items',external_or_dynamic_column_source_requires_registration,,,待核对,待核对,待核对,待核对,待核对,待核对,待核对,待复核
lib/features/production/pages/production_daily_report_list_page.dart::_ProductionDailyReportListPageState::build::MasterDataTableView#1,lib/features/production/pages/production_daily_report_list_page.dart,360,production,business_list,MasterDataTableView,'production.daily.list',same_class_column_helper,'billNo' | 'billDate' | 'workshop' | 'status','单据号' | '日期' | '车间' | '状态',待核对,待核对,待核对,待核对,待核对,待核对,待核对,待复核
lib/features/production/pages/production_draw_request_page.dart::_ProductionDrawRequestPageState::_summaryTable::MasterDataTableView#1,lib/features/production/pages/production_draw_request_page.dart,541,production,business_list,MasterDataTableView,'features.production.pages.production_draw_request_page.ProductionDrawRequestPageState._summaryTable.1',inline_column_definitions,'warehouse' | 'goodsName' | 'goodsCode' | 'color' | 'unit' | 'qty' | 'requestQty' | 'sources','领料仓库' | '物料名称' | '编号' | '颜色' | '单位' | '待申请量' | '应领数量' | '任务来源',待核对,待核对,待核对,待核对,待核对,待核对,待核对,待复核
lib/features/production/pages/production_draw_request_page.dart::_ProductionDrawRequestPageState::_showSources::MasterDataTableView#1,lib/features/production/pages/production_draw_request_page.dart,683,production,business_list,MasterDataTableView,'features.production.pages.production_draw_request_page.ProductionDrawRequestPageState._showSources.1',inline_column_definitions,'planNo' | 'segment' | 'product' | 'drawNo' | 'qty' | 'requestQty' | 'unit','生产计划' | '车间任务' | '生产产品' | '领料单号' | '待申请量' | '本次领料' | '单位',待核对,待核对,待核对,待核对,待核对,待核对,待核对,待复核
lib/features/production/pages/production_execution_batch_page.dart::_ProductionExecutionBatchPageState::_materials::MasterDataTableView#1,lib/features/production/pages/production_execution_batch_page.dart,800,production,business_list,MasterDataTableView,'features.production.pages.production_execution_batch_page.ProductionExecutionBatchPageState._materials.1',inline_column_definitions,'name' | 'code' | 'color' | 'qty' | 'unit' | 'warehouse',l10n.productionBatchGoodsName | l10n.productionBatchGoodsCode | l10n.productionBatchColor | l10n.productionBatchMaterialQuantity | l10n.productionBatchUnit | l10n.productionBatchWarehouse,待核对,待核对,待核对,待核对,待核对,待核对,待核对,待复核
lib/features/production/pages/production_material_analysis_history_page.dart::_ProductionMaterialAnalysisHistoryPageState::_content::MasterDataTableView#1,lib/features/production/pages/production_material_analysis_history_page.dart,310,production,readonly_history,MasterDataTableView,'features.production.pages.production_material_analysis_history_page.ProductionMaterialAnalysisHistoryPageState._content.1',same_class_column_helper,'analysisNo' | 'status' | 'source' | 'product' | 'warehouse' | 'owner' | 'progress' | 'readiness' | 'updatedAt' | 'action','编号' | '状态' | '来源 / 需求编号' | '产品' | '主仓库' | '负责人' | '需求 / 已排' | '可立即 / 按期' | '更新时间' | '操作',待核对,待核对,待核对,待核对,待核对,待核对,待核对,待复核
lib/features/production/pages/production_material_discovery_request_page.dart::_RequestState::build::MasterDataTableView#1,lib/features/production/pages/production_material_discovery_request_page.dart,645,production,business_list,MasterDataTableView,'features.production.pages.production_material_discovery_request_page.RequestState.build.1',same_class_column_helper,'task' | 'planNo' | 'workshop' | 'submissionStatus' | 'productName' | 'productCode' | 'productColor' | 'plannedQty' | 'goodsName' | 'goodsCode' | 'colorName' | 'spec' | 'unitName' | 'stockPlace' | 'qty' | 'actions','车间任务' | '生产计划' | '领料车间' | '提交状态' | '生产货品' | '货品编号' | '货品颜色' | '计划产量' | '领料材料（选填）' | '材料编号' | '材料颜色' | '规格' | '单位' | '参考库位' | '领料数量（选填）' | '材料行',待核对,待核对,待核对,待核对,待核对,待核对,待核对,待复核
lib/features/production/pages/production_material_increment_pages.dart::_IncrementListState::build::MasterDataTableView#1,lib/features/production/pages/production_material_increment_pages.dart,121,production,business_list,MasterDataTableView,'features.production.pages.production_material_increment_pages.IncrementListState.build.1',inline_column_definitions,field.$1 | 'status',field.$2 | '状态',待核对,待核对,待核对,待核对,待核对,待核对,待核对,待复核
lib/features/production/pages/production_material_increment_pages.dart::_IncrementDetailState::build::UtenRevisionTable#1,lib/features/production/pages/production_material_increment_pages.dart,655,production,readonly_history,UtenRevisionTable,'features.production.pages.production_material_increment_pages.IncrementDetailState.build.1',inline_column_definitions,field.$1,field.$2,待核对,待核对,待核对,待核对,待核对,待核对,待核对,待复核
lib/features/production/pages/production_overproduction_rate_pages.dart::_RateListState::build::MasterDataTableView#1,lib/features/production/pages/production_overproduction_rate_pages.dart,144,production,business_list,MasterDataTableView,'features.production.pages.production_overproduction_rate_pages.RateListState.build.1',inline_column_definitions,'plan' | 'segment' | 'goods' | 'before' | 'after' | 'status' | 'maker','计划号' | '工单号' | '货品名称' | '申请前比例' | '申请比例' | '状态' | '申请人',待核对,待核对,待核对,待核对,待核对,待核对,待核对,待复核
lib/features/production/pages/production_plan_edit_page.dart::_ProductionPlanEditPageState::build::UtenEditableGrid#1,lib/features/production/pages/production_plan_edit_page.dart,965,production,editable_detail,UtenEditableGrid,'production.plan.items',external_or_dynamic_column_source_requires_registration,,,待核对,待核对,待核对,待核对,待核对,待核对,待核对,待复核
lib/features/production/pages/production_plan_list_page.dart::_ProductionPlanListPageState::build::MasterDataTableView#1,lib/features/production/pages/production_plan_list_page.dart,502,production,business_list,MasterDataTableView,'production.plan.list',same_class_column_helper,'billNo' | 'billDate' | 'deliveryDate' | 'workshop' | 'seller' | 'status','单据号' | '单据日期' | '交货日' | '车间' | '跟单员' | '状态',待核对,待核对,待核对,待核对,待核对,待核对,待核对,待复核
lib/features/production/pages/production_plan_summary_sheet_page.dart::_ProductionPlanSummarySheetPageState::_pdfTable::Table#1,lib/features/production/pages/production_plan_summary_sheet_page.dart,966,production,print,Table,,external_or_dynamic_column_source_requires_registration,,,待核对,待核对,待核对,待核对,待核对,待核对,待核对,待复核
lib/features/production/pages/production_report_page.dart::_ProductionReportPageState::_printLoader::UtenPrintTable#1,lib/features/production/pages/production_report_page.dart,243,production,print,UtenPrintTable,,external_or_dynamic_column_source_requires_registration,,,待核对,待核对,待核对,待核对,待核对,待核对,待核对,待复核
lib/features/production/pages/production_report_page.dart::_ProductionReportPageState::_buildTable::MasterDataTableView#1,lib/features/production/pages/production_report_page.dart,485,production,report,MasterDataTableView,'features.production.pages.production_report_page.ProductionReportPageState._buildTable.1',external_or_dynamic_column_source_requires_registration,,,待核对,待核对,待核对,待核对,待核对,待核对,待核对,待复核
lib/features/production/pages/production_workshop_tasks_page.dart::_ProductionWorkshopTasksPageState::build::MasterDataTableView#1,lib/features/production/pages/production_workshop_tasks_page.dart,2678,production,business_list,MasterDataTableView,'features.production.pages.production_workshop_tasks_page.ProductionWorkshopTasksPageState.build.1',same_class_column_helper,'status' | 'route' | 'nextStep' | 'sourcePlan' | 'material' | 'name' | 'productCode' | 'color' | 'qty' | 'allowedOverproductionRate' | 'order' | 'segment' | 'workshop' | 'actualOutput' | 'progress','状态' | '生产路线' | '下一步' | '来源计划' | '物料' | '产品名称' | '编号' | '颜色' | '产品数量' | '允许超产比例' | '关联订单' | '工单号' | '生产车间' | '实际产出' | '计划实收进度',待核对,待核对,待核对,待核对,待核对,待核对,待核对,待复核
lib/features/production/pages/where_used_report_page.dart::_WhereUsedReportPageState::_buildTable::MasterDataTableView#1,lib/features/production/pages/where_used_report_page.dart,609,production,report,MasterDataTableView,'features.production.pages.where_used_report_page.WhereUsedReportPageState._buildTable.1',external_or_dynamic_column_source_requires_registration,,,待核对,待核对,待核对,待核对,待核对,待核对,待核对,待复核
lib/features/production/pages/workshop_material_reports_page.dart::_WorkshopMaterialReportsPageState::_usageTable::MasterDataTableView#1,lib/features/production/pages/workshop_material_reports_page.dart,662,production,business_list,MasterDataTableView,'features.production.pages.workshop_material_reports_page.WorkshopMaterialReportsPageState._usageTable.1',inline_column_definitions,'period' | 'material' | 'materialColor' | 'costBasis' | 'theory' | 'wasteRate' | 'outcome' | 'flags',l10n.wmReportPeriod | l10n.wmReportMaterial | '颜色' | l10n.wmCostBasis | '理论' | l10n.wmWasteRate | '处理方式' | '标红原因',待核对,待核对,待核对,待核对,待核对,待核对,待核对,待复核
lib/features/production/pages/workshop_material_reports_page.dart::_WorkshopMaterialReportsPageState::_productTable::MasterDataTableView#1,lib/features/production/pages/workshop_material_reports_page.dart,772,production,business_list,MasterDataTableView,'features.production.pages.workshop_material_reports_page.WorkshopMaterialReportsPageState._productTable.1',inline_column_definitions,'period' | 'product' | 'productCode' | 'material' | 'materialColor' | 'unitWeight' | 'basis' | 'actualPerUnit' | 'amount' | 'valueAtClose' | 'unitCost',l10n.wmReportPeriod | '产品' | '编号' | l10n.wmReportMaterial | '颜色' | l10n.wmUnitWeightGrams | '口径' | '实际 / 完工 (克)' | '材料金额' | '结算时金额' | '单件材料成本',待核对,待核对,待核对,待核对,待核对,待核对,待核对,待复核
lib/features/production/pages/workshop_material_reports_page.dart::_WorkshopMaterialReportsPageState::_missingTable::MasterDataTableView#1,lib/features/production/pages/workshop_material_reports_page.dart,981,production,business_list,MasterDataTableView,'features.production.pages.workshop_material_reports_page.WorkshopMaterialReportsPageState._missingTable.1',inline_column_definitions,'period' | 'product' | 'productCode' | 'material' | 'materialColor' | 'output' | 'action',l10n.wmReportPeriod | '产品' | '编号' | l10n.wmReportMaterial | '颜色' | '产量' | '去填单重',待核对,待核对,待核对,待核对,待核对,待核对,待核对,待复核
lib/features/production/pages/workshop_material_reports_page.dart::_WorkshopMaterialReportsPageState::_ledgerTable::MasterDataTableView#1,lib/features/production/pages/workshop_material_reports_page.dart,1062,production,business_list,MasterDataTableView,'features.production.pages.workshop_material_reports_page.WorkshopMaterialReportsPageState._ledgerTable.1',inline_column_definitions,'date' | 'kind' | 'material' | 'materialColor' | 'qty' | 'docNo' | 'operator' | 'period','业务日期' | '类型' | l10n.wmReportMaterial | '颜色' | '数量' | '来源单据' | '操作人' | '所属期',待核对,待核对,待核对,待核对,待核对,待核对,待核对,待复核
lib/features/production/widgets/material_manual_demand_editor.dart::MaterialManualDemandCard::build::UtenEditableGrid#1,lib/features/production/widgets/material_manual_demand_editor.dart,720,production,editable_detail,UtenEditableGrid,'features.production.widgets.material_manual_demand_editor.MaterialManualDemandCard.build.1',external_or_dynamic_column_source_requires_registration,,,待核对,待核对,待核对,待核对,待核对,待核对,待核对,待复核
lib/features/production/widgets/plan_order_import_sheet.dart::_ImportSheetState::_lineCard::MasterDataTableView#1,lib/features/production/widgets/plan_order_import_sheet.dart,374,production,business_list,MasterDataTableView,'features.production.widgets.plan_order_import_sheet.ImportSheetState._lineCard.1',inline_column_definitions,'name' | 'code' | 'colorName' | 'spec' | 'source' | 'perQty' | 'needQty' | 'onhand' | 'status','物料名称' | '编号' | '颜色' | '规格' | '来源' | '单台用量' | '总需求' | '即时库存' | '初筛状态',待核对,待核对,待核对,待核对,待核对,待核对,待核对,待复核
lib/features/production/widgets/production_execution_card_print_preview.dart::_ProductionExecutionCardPrintDialogState::_workCardPreview::DataTable#1,lib/features/production/widgets/production_execution_card_print_preview.dart,584,production,print,DataTable,,inline_column_definitions, |  |  |  |  |  |  |  |  | ,Text('物料名称') | Text('编号') | Text('颜色') | Text('规格') | Text('单位') | Text('用量口径') | Text('需求数量') | Text('现货承诺') | Text('缺口') | Text('供给路线'),待核对,待核对,待核对,待核对,待核对,待核对,待核对,待复核
lib/features/production/widgets/production_execution_card_print_preview.dart::<top>::_pdfMetadata::Table#1,lib/features/production/widgets/production_execution_card_print_preview.dart,930,production,print,Table,,external_or_dynamic_column_source_requires_registration,,,待核对,待核对,待核对,待核对,待核对,待核对,待核对,待复核
lib/features/production/widgets/production_execution_card_print_preview.dart::<top>::_pdfMaterialTable::Table#1,lib/features/production/widgets/production_execution_card_print_preview.dart,1000,production,print,Table,,external_or_dynamic_column_source_requires_registration,,,待核对,待核对,待核对,待核对,待核对,待核对,待核对,待复核
lib/features/production/widgets/production_execution_group_panel.dart::_ProductionExecutionGroupPanelState::build::MasterDataTableView#1,lib/features/production/widgets/production_execution_group_panel.dart,152,production,business_list,MasterDataTableView,'features.production.widgets.production_execution_group_panel.ProductionExecutionGroupPanelState.build.1',same_class_column_helper,'status' | 'root' | 'orders' | 'productName' | 'productCode' | 'productColor' | 'progress' | 'maker' | 'analyzedAt','状态' | '分析批次' | '关联订单' | '产品名称' | '编号' | '颜色' | '进度' | '分析人' | '分析时间',待核对,待核对,待核对,待核对,待核对,待核对,待核对,待复核
lib/features/production/widgets/production_material_return_request_sheet.dart::_MaterialReturnRequestState::build::UtenEditableGrid#1,lib/features/production/widgets/production_material_return_request_sheet.dart,424,production,editable_detail,UtenEditableGrid,'features.production.widgets.production_material_return_request_sheet.MaterialReturnRequestState.build.1',same_class_column_helper,'warehouse' | 'material' | 'source' | 'goodsCode' | 'colorName' | 'unit' | 'available' | 'pending' | 'qty','来源位置' | '物料名称' | '领料来源' | '编号' | '颜色' | '单位' | '可退数量' | '待仓库收料' | '本次退料',待核对,待核对,待核对,待核对,待核对,待核对,待核对,待复核
lib/features/production/widgets/production_material_settlement_sheet.dart::_MaterialSettlementSheetState::build::UtenEditableGrid#1,lib/features/production/widgets/production_material_settlement_sheet.dart,776,production,editable_detail,UtenEditableGrid,'features.production.widgets.production_material_settlement_sheet.MaterialSettlementSheetState.build.1',same_class_column_helper,'material' | 'goodsCode' | 'colorName' | 'unit' | 'segment','物料名称' | '编号' | '颜色' | '单位' | '子计划',待核对,待核对,待核对,待核对,待核对,待核对,待核对,待复核
lib/features/production/widgets/production_overproduction_rate_revision.dart::ProductionOverproductionRateRevision::build::UtenRevisionTable#1,lib/features/production/widgets/production_overproduction_rate_revision.dart,54,production,readonly_history,UtenRevisionTable,'features.production.widgets.production_overproduction_rate_revision.ProductionOverproductionRateRevision.build.1',inline_column_definitions,field.$1 | 'allowedOverproductionRate' | 'allowedTotalQty',field.$2 | '允许超产比例' | '允许累计报工量',待核对,待核对,待核对,待核对,待核对,待核对,待核对,待复核
lib/features/production/widgets/reportable_plan_line_picker.dart::_ReportablePlanLineSheetState::_body::MasterDataTableView#1,lib/features/production/widgets/reportable_plan_line_picker.dart,261,production,selector,MasterDataTableView,'features.production.widgets.reportable_plan_line_picker.ReportablePlanLineSheetState._body.1',inline_column_definitions,'planNo' | 'segmentStatus' | 'sourceType' | 'goods' | 'goodsCode' | 'colorName' | 'order' | 'workshop' | 'remaining' | 'maxReport' | 'actualProduction' | 'delivery','计划 / 执行子计划' | '任务状态' | '报工类型' | '产品名称' | '编号' | '颜色' | '销售订单/客户' | '车间' | '计划/恢复余量' | '计划内/恢复量' | '报工规则' | '交货日期',待核对,待核对,待核对,待核对,待核对,待核对,待核对,待复核
lib/features/production/widgets/start_confirmation_sheet.dart::_StartConfirmationSheetState::build::UtenEditableGrid#1,lib/features/production/widgets/start_confirmation_sheet.dart,657,production,editable_detail,UtenEditableGrid,'features.production.widgets.start_confirmation_sheet.StartConfirmationSheetState.build.1',same_class_column_helper,'product' | 'productCode' | 'taskCount' | 'material' | 'alsoOrder' | 'route' | 'weight' | 'plan','产品名称' | '编号' | '本次任务数' | '用料' | l10n.wmAlsoOrderMaterials | '生产路线' | l10n.wmUnitWeightGrams | '确认后',待核对,待核对,待核对,待核对,待核对,待核对,待核对,待复核
lib/features/production/widgets/workshop_draft_segment.dart::WorkshopDraftSegment::build::MasterDataTableView#1,lib/features/production/widgets/workshop_draft_segment.dart,97,production,business_list,MasterDataTableView,'features.production.widgets.workshop_draft_segment.WorkshopDraftSegment.build.1.v2',same_class_column_helper,'draftCategory' | 'billNo' | 'billDate' | 'workshop' | 'status','类别' | '单据号' | '日期' | '车间' | '状态',待核对,待核对,待核对,待核对,待核对,待核对,待核对,待复核
lib/features/production/widgets/workshop_task_material_table.dart::_WorkshopTaskMaterialTableState::build::MasterDataTableView#1,lib/features/production/widgets/workshop_task_material_table.dart,91,production,business_list,MasterDataTableView,'production.workshopTask.materials',inline_column_definitions,'goodsName' | 'goodsCode' | 'colorName' | 'source' | 'requiredQty' | 'warehouseAvailableQty' | 'directReceivedQty' | 'issuedQty' | 'shortageQty' | 'state' | 'producingSegments','物料' | '编号' | '颜色' | '来源' | '需求' | '仓库已到' | '直送已交接' | '已领到车间' | '缺口' | '状态' | '子件工单',待核对,待核对,待核对,待核对,待核对,待核对,待核对,待复核
lib/features/profile/pages/my_profile_changes_page.dart::_MyProfileChangesPageState::_buildBody::MasterDataTableView#1,lib/features/profile/pages/my_profile_changes_page.dart,184,profile,business_list,MasterDataTableView,'features.profile.pages.my_profile_changes_page.MyProfileChangesPageState._buildBody.1',same_class_column_helper,'fields' | 'itemCount' | 'status' | 'submittedAt' | 'reviewComment','变更字段' | '项数' | '状态' | '提交时间' | '审核信息',待核对,待核对,待核对,待核对,待核对,待核对,待核对,待复核
lib/features/purchase/pages/purchase_doc_detail_page.dart::_PurchaseDocDetailPageState::_itemsCard::MasterDataTableView#1,lib/features/purchase/pages/purchase_doc_detail_page.dart,973,purchase,readonly_history,MasterDataTableView,'purchase.${widget.docType.name}.items',inline_column_definitions,'goods' | 'goodsCode' | 'colorName' | 'stockPlace' | 'orderBillNo' | 'qty' | 'unit' | 'price' | 'amount' | 'recordedLocalAmount' | 'recordedUnitRate' | 'approvedOrderQty' | 'pendingOrderQty' | 'remainingOrderQty' | 'planNo' | 'salesOrderNo' | 'sourceRequests' | 'received' | 'returned','货品名称' | '编号' | '颜色' | '库位号' | '来源订货单' | '数量' | '单位' | '单价' | _historicalReceipt ? '原币金额' : widget.docType == PurchaseDocType.order ? '总金额' : '金额' | '本币金额' | '单位换算率' | '已批准订货' | '待财务确认' | '可继续采购' | '生产计划' | '销售订单' | '来源申请' | '已收' | '已退',待核对,待核对,待核对,待核对,待核对,待核对,待核对,待复核
lib/features/purchase/pages/purchase_doc_edit_page.dart::_PurchaseDocEditPageState::_buildDraftPage::UtenEditableGrid#1,lib/features/purchase/pages/purchase_doc_edit_page.dart,1048,purchase,editable_detail,UtenEditableGrid,'purchase.${widget.docType.name}.items',external_or_dynamic_column_source_requires_registration,,,待核对,待核对,待核对,待核对,待核对,待核对,待核对,待复核
lib/features/purchase/pages/purchase_doc_list_page.dart::_PurchaseDocListPageState::build::MasterDataTableView#1,lib/features/purchase/pages/purchase_doc_list_page.dart,726,purchase,business_list,MasterDataTableView,'purchase.${widget.docType.name}.list',same_class_column_helper,'billNo' | 'billDate' | 'supplier' | 'warehouse' | 'total' | 'status','单据号' | '日期' | '供应商' | '仓库' | '合计' | '状态',待核对,待核对,待核对,待核对,待核对,待核对,待核对,待复核
lib/features/purchase/pages/purchase_order_edit_page.dart::_PurchaseOrderEditPageState::_buildDraftPage::UtenEditableGrid#1,lib/features/purchase/pages/purchase_order_edit_page.dart,1662,purchase,editable_detail,UtenEditableGrid,'purchase.order.items',external_or_dynamic_column_source_requires_registration,,,待核对,待核对,待核对,待核对,待核对,待核对,待核对,待复核
lib/features/purchase/pages/purchase_report_table_page.dart::_PurchaseReportTablePageState::_printLoader::UtenPrintTable#1,lib/features/purchase/pages/purchase_report_table_page.dart,253,purchase,print,UtenPrintTable,,external_or_dynamic_column_source_requires_registration,,,待核对,待核对,待核对,待核对,待核对,待核对,待核对,待复核
lib/features/purchase/pages/purchase_report_table_page.dart::_PurchaseReportTablePageState::_buildTable::MasterDataTableView#1,lib/features/purchase/pages/purchase_report_table_page.dart,455,purchase,report,MasterDataTableView,'features.purchase.pages.purchase_report_table_page.PurchaseReportTablePageState._buildTable.1',external_or_dynamic_column_source_requires_registration,,,待核对,待核对,待核对,待核对,待核对,待核对,待核对,待复核
lib/features/quality/pages/production_fqc_handling_page.dart::_ProductionFqcSheetHandlingPageState::_buildBody::MasterDataTableView#1,lib/features/quality/pages/production_fqc_handling_page.dart,622,quality,business_list,MasterDataTableView,'features.quality.pages.production_fqc_handling_page.ProductionFqcSheetHandlingPageState._buildBody.1',same_class_column_helper,'reportNo' | 'planNo' | 'goods' | 'goodsCode' | 'colorName' | 'unit' | 'reportedQty' | 'place' | 'passedQty' | 'failedQty' | 'remainingQty' | 'pass' | 'fail' | 'disposition','报工单' | '生产计划' | '货品名称' | '编号' | '颜色' | '单位' | '报工数量' | '储放位置' | '已合格' | '已不合格' | '待检数量' | '合格数量' | '不合格数量' | '不合格处置',待核对,待核对,待核对,待核对,待核对,待核对,待核对,待复核
lib/features/quality/pages/production_fqc_handling_page.dart::_ProductionFqcSheetHandlingPageState::_buildSummaryCard::MasterDataTableView#1,lib/features/quality/pages/production_fqc_handling_page.dart,725,quality,business_list,MasterDataTableView,'features.quality.pages.production_fqc_handling_page.ProductionFqcSheetHandlingPageState._buildSummaryCard.1',inline_column_definitions,'warehouseName' | 'receiverName' | 'reportNos' | 'pending' | 'createdAt','成品仓' | '收货人' | '报工单' | '待检' | '进入质检',待核对,待核对,待核对,待核对,待核对,待核对,待核对,待复核
lib/features/quality/pages/production_fqc_handling_page.dart::_ProductionFqcInspectionPageState::_buildFactsCard::MasterDataTableView#1,lib/features/quality/pages/production_fqc_handling_page.dart,1337,quality,business_list,MasterDataTableView,'features.quality.pages.production_fqc_handling_page.ProductionFqcInspectionPageState._buildFactsCard.1',inline_column_definitions,'planNo' | 'goods' | 'goodsCode' | 'colorName' | 'sheetNo' | 'warehouse' | 'place' | 'receiver' | 'qty' | 'time','生产计划' | '货品名称' | '编号' | '颜色' | '检查单号' | '实际成品仓' | '储放位置' | '收货人' | '数量（报工/合格/不合格/待检/已生成待点收）' | '进入质检 / 更新',待核对,待核对,待核对,待核对,待核对,待核对,待核对,待复核
lib/features/quality/pages/production_fqc_handling_page.dart::_ProductionFqcInspectionPageState::_buildDecisionForm::MasterDataTableView#1,lib/features/quality/pages/production_fqc_handling_page.dart,1480,quality,business_list,MasterDataTableView,'features.quality.pages.production_fqc_handling_page.ProductionFqcInspectionPageState._buildDecisionForm.1',inline_column_definitions,'goods' | 'goodsCode' | 'colorName' | 'pass' | 'fail' | 'disposition' | 'remaining' | 'unit','货品名称' | '编号' | '颜色' | '合格数量' | '不合格数量' | '不合格处置' | '待检数量' | '单位',待核对,待核对,待核对,待核对,待核对,待核对,待核对,待复核
lib/features/quality/pages/production_fqc_inspections_page.dart::_ProductionFqcInspectionsPageState::_buildTable::MasterDataTableView#1,lib/features/quality/pages/production_fqc_inspections_page.dart,323,quality,business_list,MasterDataTableView,'features.quality.pages.production_fqc_inspections_page.ProductionFqcInspectionsPageState._buildTable.1',same_class_column_helper,'status' | 'reportNo' | 'planNo' | 'sheetNo' | 'goodsName' | 'goodsCode' | 'colorName' | 'reportedQty' | 'passedQty' | 'failedQty' | 'remainingQty' | 'authorizedInboundQty' | 'unitName' | 'createdAt' | 'updatedAt','状态' | '报工单' | '生产计划' | '检查单号' | '货品名称' | '编号' | '颜色' | '报工数量' | '合格数量' | '不合格数量' | '待检数量' | '已生成待点收' | '单位' | '进入质检时间' | '更新时间',待核对,待核对,待核对,待核对,待核对,待核对,待核对,待复核
lib/features/quality/pages/quality_batch_approval_page.dart::_QualityBatchApprovalPageState::_iqcTable::MasterDataTableView#1,lib/features/quality/pages/quality_batch_approval_page.dart,1003,quality,readonly_history,MasterDataTableView,'features.quality.pages.quality_batch_approval_page.QualityBatchApprovalPageState._iqcTable.1',inline_column_definitions,'goods' | 'goodsCode' | 'color' | 'preStocked' | 'pass' | 'fail' | 'remaining' | 'unit' | 'source' | 'status','货品名称' | '编号' | '颜色' | '储放位置' | '合格数量' | '不合格数量' | '剩余待检' | '验收单位' | '来源订货单' | '本次报告',待核对,待核对,待核对,待核对,待核对,待核对,待核对,待复核
lib/features/quality/pages/quality_batch_approval_page.dart::_QualityBatchApprovalPageState::_fqcTable::MasterDataTableView#1,lib/features/quality/pages/quality_batch_approval_page.dart,1153,quality,readonly_history,MasterDataTableView,'features.quality.pages.quality_batch_approval_page.QualityBatchApprovalPageState._fqcTable.1',inline_column_definitions,'goods' | 'goodsCode' | 'color' | 'quantity' | 'unit' | 'report' | 'plan' | 'warehouse' | 'place','货品名称' | '编号' | '颜色' | '本次合格' | '单位' | '来源报工单' | '生产计划' | '实际成品仓' | '储放位置',待核对,待核对,待核对,待核对,待核对,待核对,待核对,待复核
lib/features/quality/pages/quality_inspection_records_page.dart::_QualityInspectionRecordsPageState::_buildTable::MasterDataTableView#1,lib/features/quality/pages/quality_inspection_records_page.dart,518,quality,readonly_history,MasterDataTableView,'features.quality.pages.quality_inspection_records_page.QualityInspectionRecordsPageState._buildTable.1',same_class_column_helper,'decision' | 'effective' | 'sourceType' | 'sourceNo' | 'referenceNo' | 'sheetNo' | 'partnerName' | 'goodsName' | 'goodsCode' | 'colorName' | 'passQty' | 'failQty' | 'disposition' | 'inspectorName' | 'decidedAt','检验结果' | '当前效力' | '检验类型' | '来源单号' | '关联单号' | '检查单号' | '供应商' | '货品名称' | '编号' | '颜色' | '本次合格' | '本次不合格' | '不良处置' | '检验员' | '决定时间',待核对,待核对,待核对,待核对,待核对,待核对,待核对,待复核
lib/features/quality/pages/quality_inspection_records_page.dart::_QualityInspectionRecordDetailPanelState::_buildQuantityTable::MasterDataTableView#1,lib/features/quality/pages/quality_inspection_records_page.dart,974,quality,readonly_history,MasterDataTableView,'features.quality.pages.quality_inspection_records_page.QualityInspectionRecordDetailPanelState._buildQuantityTable.1',inline_column_definitions,'item' | 'current' | 'cumulative' | 'unit','检测项' | '本次决定' | '当前累计' | '单位',待核对,待核对,待核对,待核对,待核对,待核对,待核对,待复核
lib/features/quality/pages/quality_inspection_records_page.dart::_DetailFieldTable::build::MasterDataTableView#1,lib/features/quality/pages/quality_inspection_records_page.dart,1106,quality,readonly_history,MasterDataTableView,'features.quality.pages.quality_inspection_records_page.DetailFieldTable.build.1',inline_column_definitions,'label' | 'value','项目' | '内容',待核对,待核对,待核对,待核对,待核对,待核对,待核对,待复核
lib/features/quality/pages/quality_pending_disposal_page.dart::_QualityPendingDisposalPageState::_buildList::MasterDataTableView#1,lib/features/quality/pages/quality_pending_disposal_page.dart,541,quality,business_list,MasterDataTableView,'features.quality.pages.quality_pending_disposal_page.QualityPendingDisposalPageState._buildList.1',same_class_column_helper,'docType' | 'billNo' | 'party' | 'goods' | 'goodsCode' | 'colorName' | 'status' | 'warehouse' | 'place' | 'itemCount' | 'pendingQty' | 'enteredAt','单据类型' | '单号' | '供应商 / 成品仓 / 报工' | '货品名称' | '编号' | '颜色' | '状态' | '仓库' | '库位号' | '待检行数' | '待检数量' | '最近到检 / 进入质检',待核对,待核对,待核对,待核对,待核对,待核对,待核对,待复核
lib/features/quality/pages/quality_pending_disposal_page.dart::_ProcurementInspectionDetailPageState::_buildSummaryCard::MasterDataTableView#1,lib/features/quality/pages/quality_pending_disposal_page.dart,1585,quality,business_list,MasterDataTableView,'features.quality.pages.quality_pending_disposal_page.ProcurementInspectionDetailPageState._buildSummaryCard.1',inline_column_definitions,'supplierName' | 'billDate' | 'lastReceivedAt' | 'pending','供应商' | '单据日期' | '最近到检' | '待检',待核对,待核对,待核对,待核对,待核对,待核对,待核对,待复核
lib/features/quality/pages/quality_pending_disposal_page.dart::_ProcurementInspectionDetailPageState::_buildItemTable::MasterDataTableView#1,lib/features/quality/pages/quality_pending_disposal_page.dart,1667,quality,business_list,MasterDataTableView,'features.quality.pages.quality_pending_disposal_page.ProcurementInspectionDetailPageState._buildItemTable.1',same_class_column_helper,'goods' | 'goodsCode' | 'colorName' | 'unit' | 'sourceOrderNo' | 'preStocked' | 'receivedBaseQty' | 'passQty' | 'failQty' | 'remainingBaseQty' | 'status','货品名称' | '编号' | '颜色' | '验收单位' | '来源订货单' | '储放位置' | '到检量' | '合格数量' | '不合格数量' | '剩余待检' | '状态',待核对,待核对,待核对,待核对,待核对,待核对,待核对,待复核
lib/features/rd_task/pages/rd_task_page.dart::_DesktopTaskTable::build::MasterDataTableView#1,lib/features/rd_task/pages/rd_task_page.dart,704,rd_task,business_list,MasterDataTableView,'features.rd_task.pages.rd_task_page.DesktopTaskTable.build.1',inline_column_definitions,'taskNo' | 'category' | 'goods' | 'goodsCode' | 'colorName' | 'title' | 'assignee' | 'status' | 'priority' | 'dueDate' | 'createdAt','任务号' | '类别' | '货品名称' | '编号' | '颜色' | '标题' | '负责人' | '状态' | '优先级' | '截止' | '创建',待核对,待核对,待核对,待核对,待核对,待核对,待核对,待复核
lib/features/sales/pages/sales_doc_detail_page.dart::_SalesDocDetailPageState::_itemsCard::MasterDataTableView#1,lib/features/sales/pages/sales_doc_detail_page.dart,1743,sales,readonly_history,MasterDataTableView,'sales.${widget.docType.name}.items',inline_column_definitions,'goods' | 'nameEn' | 'goodsCode' | 'colorName' | 'qty' | 'unitName' | 'stockPlace' | 'price' | 'discount' | 'amount' | 'machiningPrice' | 'circumference' | 'inboundQty' | 'shipped' | 'returned' | 'solution' | 'responsible' | 'remark' | 'clientModel' | 'clientGoodsName' | 'clientPrice','货品名称' | '英文名称' | '编号' | '颜色' | '数量' | '单位' | '库位号' | '单价' | '折扣' | isOrder ? '金额(订单币种)' : '金额' | '机加价' | '围数' | '进仓数量' | '已发' | '已退' | '处理方案' | '责任单位' | '备注' | '文件型号' | '文件品名' | '文件单价',待核对,待核对,待核对,待核对,待核对,待核对,待核对,待复核
lib/features/sales/pages/sales_doc_edit_page.dart::_SalesDocEditPageState::_buildDraftPage::UtenEditableGrid#1,lib/features/sales/pages/sales_doc_edit_page.dart,3497,sales,editable_detail,UtenEditableGrid,'sales.${widget.docType.name}.items',external_or_dynamic_column_source_requires_registration,,,待核对,待核对,待核对,待核对,待核对,待核对,待核对,待复核
lib/features/sales/pages/sales_doc_list_page.dart::_SalesDocListPageState::build::MasterDataTableView#1,lib/features/sales/pages/sales_doc_list_page.dart,1106,sales,business_list,MasterDataTableView,'sales.${widget.docType.name}.list',same_class_column_helper,'billNo' | 'billDate' | 'client' | 'currency' | 'warehouse' | 'financeAudit' | 'warehouseWorkStatus' | 'outType' | 'total' | 'status' | 'deliver','单据号' | '日期' | '客户' | '币种' | '仓库' | '财务审核' | '仓库作业' | '出库类型' | _isOrder ? '订单金额' : '合计' | '状态' | '交货',待核对,待核对,待核对,待核对,待核对,待核对,待核对,待复核
lib/features/sales/pages/sales_order_progress_page.dart::_SalesOrderProgressPageState::_body::MasterDataTableView#1,lib/features/sales/pages/sales_order_progress_page.dart,659,sales,business_list,MasterDataTableView,'features.sales.pages.sales_order_progress_page.SalesOrderProgressPageState._body.1',same_class_column_helper,'billNo' | 'client' | 'billDate' | 'deliverDate' | 'stage' | 'orderQty' | 'producedQty' | 'shipmentInFlight' | 'shippedQty' | 'reservedQty' | 'productionPct' | 'financeRejectedReason','订单号' | '客户' | '开单日期' | '交货日期' | '状态' | '订货量' | '已产量' | '出货在途' | '已发量' | '可发量' | '生产进度' | '驳回原因',待核对,待核对,待核对,待核对,待核对,待核对,待核对,待复核
lib/features/sales/pages/sales_report_page.dart::_SalesReportPageState::_printLoader::UtenPrintTable#1,lib/features/sales/pages/sales_report_page.dart,312,sales,print,UtenPrintTable,,external_or_dynamic_column_source_requires_registration,,,待核对,待核对,待核对,待核对,待核对,待核对,待核对,待复核
lib/features/sales/pages/sales_report_page.dart::_SalesReportPageState::_buildTable::MasterDataTableView#1,lib/features/sales/pages/sales_report_page.dart,512,sales,report,MasterDataTableView,'features.sales.pages.sales_report_page.SalesReportPageState._buildTable.1',external_or_dynamic_column_source_requires_registration,,,待核对,待核对,待核对,待核对,待核对,待核对,待核对,待复核
lib/features/sales/pages/sales_report_page.dart::_SalesClientDetailDialogState::_printLoader::UtenPrintTable#1,lib/features/sales/pages/sales_report_page.dart,726,sales,print,UtenPrintTable,,external_or_dynamic_column_source_requires_registration,,,待核对,待核对,待核对,待核对,待核对,待核对,待核对,待复核
lib/features/sales/pages/sales_report_page.dart::_SalesClientDetailDialogState::build::MasterDataTableView#1,lib/features/sales/pages/sales_report_page.dart,804,sales,report,MasterDataTableView,'features.sales.pages.sales_report_page.SalesClientDetailDialogState.build.1',external_or_dynamic_column_source_requires_registration,,,待核对,待核对,待核对,待核对,待核对,待核对,待核对,待复核
lib/features/sales/widgets/sales_plan_progress_panel.dart::_ProgressList::_table::MasterDataTableView#1,lib/features/sales/widgets/sales_plan_progress_panel.dart,393,sales,business_list,MasterDataTableView,'features.sales.widgets.sales_plan_progress_panel.ProgressList._table.1',inline_column_definitions,'product' | 'goodsCode' | 'colorName' | 'spec' | 'unit' | 'qty' | 'planned' | 'produced' | 'shipped' | 'available' | 'pending' | 'progress' | 'detail','产品名称' | '编号' | '颜色' | '规格' | '单位' | '订货' | '已排' | '已生产入库' | '已发' | '本次可发' | '办理中' | '生产入库进度' | '进度来源',待核对,待核对,待核对,待核对,待核对,待核对,待核对,待复核
lib/features/sales/widgets/sales_shipment_task_workbench.dart::_SalesShipmentTaskWorkbenchState::_table::MasterDataTableView#1,lib/features/sales/widgets/sales_shipment_task_workbench.dart,723,sales,business_list,MasterDataTableView,'features.sales.widgets.sales_shipment_task_workbench.SalesShipmentTaskWorkbenchState._table.1',same_class_column_helper,'billNo' | 'client' | 'shipmentKind' | 'billDate' | 'warehouse' | 'totalOriginal' | 'financeAudit' | 'warehouseWorkStatus','出货单号' | '客户' | '发货类型' | '出货日期' | '仓库' | '出货金额' | '财务审核' | '仓库作业',待核对,待核对,待核对,待核对,待核对,待核对,待核对,待复核
lib/features/sales/widgets/shipment_finance_change_summary.dart::ShipmentFinanceChangeTable::build::UtenRevisionTable#1,lib/features/sales/widgets/shipment_finance_change_summary.dart,313,sales,readonly_history,UtenRevisionTable,'features.sales.widgets.shipment_finance_change_summary.ShipmentFinanceChangeTable.build.1',inline_column_definitions,key,_labels[key]!,待核对,待核对,待核对,待核对,待核对,待核对,待核对,待复核
lib/features/security/pages/security_blacklist_page.dart::_SecurityBlacklistPageState::build::MasterDataTableView#1,lib/features/security/pages/security_blacklist_page.dart,114,security,business_list,MasterDataTableView,'features.security.pages.security_blacklist_page.SecurityBlacklistPageState.build.1',same_class_column_helper,'visitorNo' | 'name' | 'phone' | 'blockedReason' | 'blockedAt' | 'blockedByName',l10n.securityBlacklistColNo | l10n.securityBlacklistColName | l10n.securityBlacklistColPhone | l10n.securityBlacklistColReason | l10n.securityBlacklistColAt | l10n.securityBlacklistColBy,待核对,待核对,待核对,待核对,待核对,待核对,待核对,待复核
lib/features/stock/pages/instant_inventory_page.dart::_InstantInventoryPageState::_printLoader::UtenPrintTable#1,lib/features/stock/pages/instant_inventory_page.dart,294,stock,print,UtenPrintTable,,external_or_dynamic_column_source_requires_registration,,,STOCK-01 即时库存/货品库存/余额/流水/单重,待核对,待核对,待核对,待核对,待核对,16记录初始源码观察；尚未逐字段/运行验证,待复核
lib/features/stock/pages/instant_inventory_page.dart::_InstantInventoryPageState::_buildTablePane::MasterDataTableView#1,lib/features/stock/pages/instant_inventory_page.dart,787,stock,business_list,MasterDataTableView,'features.stock.pages.instant_inventory_page.InstantInventoryPageState._buildTablePane.1',same_class_column_helper,'category' | 'name' | 'goodsCode' | 'color' | 'series' | 'stockPlace' | 'owningWarehouse' | 'model' | 'cNumber' | 'spec' | 'unit' | 'remark' | 'qty' | 'weight' | 'pendingQty' | 'pendingStockInQty' | 'moreQty','所属类型' | '货品名称' | '编号' | '颜色' | '物料系列' | '库位号' | '所属仓库' | '型号' | '客户型号' | '规格' | '单位' | '备注' | '库存数量' | '库存重量' | '待检量' | '合格待入库' | '多排数量',STOCK-01 即时库存/货品库存/余额/流水/单重,待核对,待核对,待核对,待核对,待核对,16记录初始源码观察；尚未逐字段/运行验证,待复核
lib/features/subcontract/pages/subcontract_business_list_pages.dart::_SubcontractBusinessListPageState::build::MasterDataTableView#1,lib/features/subcontract/pages/subcontract_business_list_pages.dart,858,subcontract,business_list,MasterDataTableView,'features.subcontract.pages.subcontract_business_list_pages.SubcontractBusinessListPageState.build.1',external_or_dynamic_column_source_requires_registration,,,待核对,待核对,待核对,待核对,待核对,待核对,待核对,待复核
lib/features/subcontract/pages/subcontract_decomposition_page.dart::_SubcontractDecompositionPageState::_buildTable::MasterDataTableView#1,lib/features/subcontract/pages/subcontract_decomposition_page.dart,850,subcontract,business_list,MasterDataTableView,'features.subcontract.pages.subcontract_decomposition_page.SubcontractDecompositionPageState._buildTable.1',inline_column_definitions,'planNo' | 'docNo' | 'goods' | 'goodsCode' | 'colorName' | 'spec' | 'requiredQty' | 'openQty' | 'issuedAt' | 'needDate' | 'status' | 'source','来源计划' | '委外申请号' | '委外目标件名称' | '编号' | '颜色' | '规格' | '需求量' | '待下单量' | workflowFieldText(context).subcontractPlanIssuedDate | '需求日期' | '状态' | '只读申请',待核对,待核对,待核对,待核对,待核对,待核对,待核对,待复核
lib/features/subcontract/pages/subcontract_doc_detail_page.dart::_SubcontractDocDetailPageState::_itemsCard::MasterDataTableView#1,lib/features/subcontract/pages/subcontract_doc_detail_page.dart,863,subcontract,readonly_history,MasterDataTableView,'subcontract.${widget.docType.name}.items',inline_column_definitions,'goods' | 'goodsCode' | 'colorName' | 'stockPlace' | 'orderBillNo' | 'sourceApplications' | 'qty' | 'unit' | 'price' | 'amount' | 'recordedLocalAmount' | 'recordedUnitRate' | 'received' | 'settledLossQty' | 'allowedLossPct' | 'returned' | 'wasted' | 'atSupplier' | 'consumed' | 'supplierEnding' | 'frozenUnitQty' | 'wasteCause','货品名称' | '编号' | '颜色' | '库位号' | '来源订货单' | '来源申请' | widget.docType == SubcontractDocType.order ? '订货量' : '数量' | '单位' | '单价' | _historicalReceipt ? '原币对应值（已核验）' : widget.docType == SubcontractDocType.order ? '总金额' : '金额' | '本币成本（STotal）' | '单位换算率' | '已收' | '结案损耗' | '允许损耗%' | '已退' | '已损耗' | '在供应商处' | '已消费' | '供应商结存' | '冻结单耗' | '损耗率/原因',待核对,待核对,待核对,待核对,待核对,待核对,待核对,待复核
lib/features/subcontract/pages/subcontract_doc_edit_page.dart::_SubcontractDocEditPageState::_buildDraftPage::UtenEditableGrid#1,lib/features/subcontract/pages/subcontract_doc_edit_page.dart,881,subcontract,editable_detail,UtenEditableGrid,'subcontract.${widget.docType.name}.items',external_or_dynamic_column_source_requires_registration,,,待核对,待核对,待核对,待核对,待核对,待核对,待核对,待复核
lib/features/subcontract/pages/subcontract_order_edit_page.dart::_SubcontractOrderEditPageState::_buildDraftPage::UtenEditableGrid#1,lib/features/subcontract/pages/subcontract_order_edit_page.dart,1638,subcontract,editable_detail,UtenEditableGrid,'subcontract.order.items',external_or_dynamic_column_source_requires_registration,,,待核对,待核对,待核对,待核对,待核对,待核对,待核对,待复核
lib/features/subcontract/pages/subcontract_report_table_page.dart::_SubcontractReportTablePageState::_printLoader::UtenPrintTable#1,lib/features/subcontract/pages/subcontract_report_table_page.dart,260,subcontract,print,UtenPrintTable,,external_or_dynamic_column_source_requires_registration,,,待核对,待核对,待核对,待核对,待核对,待核对,待核对,待复核
lib/features/subcontract/pages/subcontract_report_table_page.dart::_SubcontractReportTablePageState::_buildTable::MasterDataTableView#1,lib/features/subcontract/pages/subcontract_report_table_page.dart,467,subcontract,report,MasterDataTableView,'features.subcontract.pages.subcontract_report_table_page.SubcontractReportTablePageState._buildTable.1',external_or_dynamic_column_source_requires_registration,,,待核对,待核对,待核对,待核对,待核对,待核对,待核对,待复核
lib/features/subcontract/pages/subcontract_short_delivery_page.dart::_SubcontractShortDeliveryPageState::_buildTable::MasterDataTableView#1,lib/features/subcontract/pages/subcontract_short_delivery_page.dart,462,subcontract,business_list,MasterDataTableView,'features.subcontract.pages.subcontract_short_delivery_page.SubcontractShortDeliveryPageState._buildTable.1',inline_column_definitions,'orderBillNo' | 'supplierName' | 'goodsName' | 'goodsCode' | 'colorName' | 'orderedQty' | 'allowedLossPct' | 'floorQty' | 'deliveredQty' | 'shortfallQty' | 'shortfallPct' | 'severity' | 'receiptBillNo' | 'arrivalCount' | 'detectedAt' | 'expectedCompleteBy' | 'lossQty' | 'lossPct' | 'wasteBillNo' | 'closedAt' | 'status' | 'ownerName' | 'actions','订货单号' | '委外商' | '货品名称' | '编号' | '颜色' | '原订货量' | '允许损耗' | '最少应到' | '累计回厂' | '短交量' | '短交率' | '程度' | '最近收货单' | '到货次数' | '发现时间' | '预计到齐' | '核销损耗' | '损耗率' | '损耗单' | '结案时间' | '状态' | '负责人' | '操作',待核对,待核对,待核对,待核对,待核对,待核对,待核对,待复核
lib/features/subcontract/widgets/subcontract_order_progress.dart::_SubcontractOrderProgressSectionState::_ledgerSection::MasterDataTableView#1,lib/features/subcontract/widgets/subcontract_order_progress.dart,616,subcontract,business_list,MasterDataTableView,'subcontract.order.supplierLedger',inline_column_definitions,'goodsName' | 'goodsCode' | 'colorName' | 'unitName' | 'atSupplierQty' | 'consumedQty' | 'returnedQty' | 'wastedQty' | 'supplierEnding','货品名称' | '编号' | '颜色' | '单位' | '发出' | '已加工/消费' | '已退' | '损耗' | '结存',待核对,待核对,待核对,待核对,待核对,待核对,待核对,待复核
lib/features/suggestion/pages/suggestion_list_page.dart::SuggestionListPage::build::MasterDataTableView#1,lib/features/suggestion/pages/suggestion_list_page.dart,73,suggestion,business_list,MasterDataTableView,'features.suggestion.pages.suggestion_list_page.SuggestionListPage.build.1',external_or_dynamic_column_source_requires_registration,,,待核对,待核对,待核对,待核对,待核对,待核对,待核对,待复核
lib/features/visitor/pages/visitor_home_page.dart::_VisitorHomePageState::build::MasterDataTableView#1,lib/features/visitor/pages/visitor_home_page.dart,152,visitor,business_list,MasterDataTableView,'features.visitor.pages.visitor_home_page.VisitorHomePageState.build.1',external_or_dynamic_column_source_requires_registration,,,待核对,待核对,待核对,待核对,待核对,待核对,待核对,待复核
lib/features/visitor_approval/pages/my_visitors_page.dart::_MyVisitorsPageState::build::MasterDataTableView#1,lib/features/visitor_approval/pages/my_visitors_page.dart,258,visitor_approval,readonly_history,MasterDataTableView,'features.visitor_approval.pages.my_visitors_page.MyVisitorsPageState.build.1',same_class_column_helper,'visitorName' | 'company' | 'visitPurpose' | 'plannedVisitAt' | 'status',l10n.visitorColVisitorName | l10n.visitorColCompany | l10n.visitorColPurpose | l10n.visitorColPlannedVisit | l10n.visitorColStatus,待核对,待核对,待核对,待核对,待核对,待核对,待核对,待复核
lib/features/visitor_approval/pages/visitor_approval_list_page.dart::_VisitorApprovalListPageState::build::MasterDataTableView#1,lib/features/visitor_approval/pages/visitor_approval_list_page.dart,416,visitor_approval,readonly_history,MasterDataTableView,'features.visitor_approval.pages.visitor_approval_list_page.VisitorApprovalListPageState.build.1',same_class_column_helper,'visitorName' | 'company' | 'visitPurpose' | 'hostName' | 'hostDepartment' | 'plannedVisitAt' | 'status',l10n.visitorColVisitorName | l10n.visitorColCompany | l10n.visitorColPurpose | l10n.visitorColHost | l10n.visitorColHostDepartment | l10n.visitorColPlannedVisit | l10n.visitorColStatus,待核对,待核对,待核对,待核对,待核对,待核对,待核对,待复核
lib/features/warehouse/materialbin/pages/workshop_material_bin_page.dart::_WorkshopMaterialBinPageState::_stockTable::MasterDataTableView#1,lib/features/warehouse/materialbin/pages/workshop_material_bin_page.dart,630,warehouse,business_list,MasterDataTableView,'features.warehouse.materialbin.pages.workshop_material_bin_page.WorkshopMaterialBinPageState._stockTable.1',inline_column_definitions,'goodsCode' | 'goodsName' | 'colorName' | 'estimatedRemainingQty' | 'bookQty' | 'lastCount' | 'periodInQty' | 'periodReturnQty' | 'periodOtherQty' | 'estimatedUsedQty' | 'warehouseAvailableQty' | 'notes','料号' | '料名' | '颜色' | '估计还剩 ($kg)' | '账面 ($kg)' | '上次盘点' | '本期领入 ($kg)' | '本期退回 ($kg)' | '其它耗用 ($kg)' | '估计已用 ($kg)' | '仓库还有 ($kg)' | '提示',待核对,待核对,待核对,待核对,待核对,待核对,待核对,待复核
lib/features/warehouse/materialbin/pages/workshop_material_bin_page.dart::_WorkshopMaterialBinPageState::_historyTable::MasterDataTableView#1,lib/features/warehouse/materialbin/pages/workshop_material_bin_page.dart,736,warehouse,readonly_history,MasterDataTableView,'features.warehouse.materialbin.pages.workshop_material_bin_page.WorkshopMaterialBinPageState._historyTable.1',inline_column_definitions,'requestNo' | 'kind' | 'origin' | 'material' | 'totalQty' | 'status' | 'receiver' | 'requestedBy' | 'requestedAt' | 'doneAt','单号' | '类型' | '来源' | '料' | l10n.wmKg | '状态' | l10n.wmReceiver | '申请人' | '申请时间' | '完成时间',待核对,待核对,待核对,待核对,待核对,待核对,待核对,待复核
lib/features/warehouse/materialbin/pages/workshop_material_count_page.dart::_WorkshopMaterialCountPageState::_printTable::UtenPrintTable#1,lib/features/warehouse/materialbin/pages/workshop_material_count_page.dart,746,warehouse,print,UtenPrintTable,,external_or_dynamic_column_source_requires_registration,,,待核对,待核对,待核对,待核对,待核对,待核对,待核对,待复核
lib/features/warehouse/materialbin/pages/workshop_material_issue_page.dart::_WorkshopMaterialIssuePageState::_form::UtenEditableGrid#1,lib/features/warehouse/materialbin/pages/workshop_material_issue_page.dart,692,warehouse,editable_detail,UtenEditableGrid,'features.warehouse.materialbin.pages.workshop_material_issue_page.WorkshopMaterialIssuePageState._form.1',external_or_dynamic_column_source_requires_registration,,,待核对,待核对,待核对,待核对,待核对,待核对,待核对,待复核
lib/features/warehouse/materialbin/pages/workshop_material_setup_page.dart::_WorkshopMaterialSetupPageState::_enableTable::MasterDataTableView#1,lib/features/warehouse/materialbin/pages/workshop_material_setup_page.dart,296,warehouse,business_list,MasterDataTableView,'features.warehouse.materialbin.pages.workshop_material_setup_page.WorkshopMaterialSetupPageState._enableTable.1',inline_column_definitions,'workshop' | 'enabled' | 'bin' | 'main' | 'goLive' | 'period' | 'action','车间' | '整批领料' | '内料仓' | l10n.wmMainWarehouse | l10n.wmGoLiveDate | '本期' | '操作',待核对,待核对,待核对,待核对,待核对,待核对,待核对,待复核
lib/features/warehouse/materialbin/widgets/workshop_material_machines_tab.dart::_WmMachinesTabState::build::UtenEditableGrid#1,lib/features/warehouse/materialbin/widgets/workshop_material_machines_tab.dart,493,warehouse,editable_detail,UtenEditableGrid,'features.warehouse.materialbin.widgets.workshop_material_machines_tab.WmMachinesTabState.build.1',same_class_column_helper,'code' | 'name' | 'model' | 'tonnage' | 'cap-$containerName' | 'enabled' | 'sortOrder','编号' | '名称' | '型号' | '吨位' | '$containerName (${l10n.wmKg})' | '启用' | '排序',待核对,待核对,待核对,待核对,待核对,待核对,待核对,待复核
lib/features/warehouse/materialbin/widgets/workshop_material_prep_tab.dart::_WmPrepTabState::build::UtenEditableGrid#1,lib/features/warehouse/materialbin/widgets/workshop_material_prep_tab.dart,596,warehouse,editable_detail,UtenEditableGrid,'features.warehouse.materialbin.widgets.workshop_material_prep_tab.WmPrepTabState.build.1',same_class_column_helper,'productCode' | 'product' | 'legacy' | 'material' | 'grams' | 'goodsWeight' | 'status','产品编号' | '产品' | '老库材质' | '颗粒' | l10n.wmUnitWeightGrams | '参考: 货品资料单重 (克)' | '状态',待核对,待核对,待核对,待核对,待核对,待核对,待核对,待复核
lib/features/warehouse/materialbin/widgets/workshop_material_request_dialog.dart::_WorkshopMaterialRequestPanelState::build::UtenEditableGrid#1,lib/features/warehouse/materialbin/widgets/workshop_material_request_dialog.dart,264,warehouse,editable_detail,UtenEditableGrid,'features.warehouse.materialbin.widgets.workshop_material_request_dialog.WorkshopMaterialRequestPanelState.build.1',external_or_dynamic_column_source_requires_registration,,,待核对,待核对,待核对,待核对,待核对,待核对,待核对,待复核
lib/features/warehouse/materialbin/widgets/workshop_material_task_center.dart::_WmRequisitionSegmentState::build::MasterDataTableView#1,lib/features/warehouse/materialbin/widgets/workshop_material_task_center.dart,222,warehouse,business_list,MasterDataTableView,'features.warehouse.materialbin.widgets.workshop_material_task_center.WmRequisitionSegmentState.build.1',inline_column_definitions,'requestNo' | 'workshop' | 'kind' | 'material' | 'qty' | 'requestedBy' | 'requestedAt' | 'origin' | 'status' | 'receiver' | 'doneBy' | 'doneAt','单号' | '车间' | '类型' | '料' | l10n.wmKg | '申请人' | '申请时间' | '来源' | '状态' | l10n.wmReceiver | '经办' | '完成时间',待核对,待核对,待核对,待核对,待核对,待核对,待核对,待复核
lib/features/warehouse/materialbin/widgets/workshop_material_task_center.dart::_WmBinStatusSegmentState::build::MasterDataTableView#1,lib/features/warehouse/materialbin/widgets/workshop_material_task_center.dart,466,warehouse,business_list,MasterDataTableView,'features.warehouse.materialbin.widgets.workshop_material_task_center.WmBinStatusSegmentState.build.1',inline_column_definitions,'workshop' | 'bin' | 'period' | 'status' | 'close','车间' | '内料仓' | '期间' | '盘点' | '结算',待核对,待核对,待核对,待核对,待核对,待核对,待核对,待复核
lib/features/warehouse/pages/production_finished_arrival_batch_registration_page.dart::_ProductionFinishedArrivalBatchRegistrationPageState::_buildForm::UtenEditableGrid#1,lib/features/warehouse/pages/production_finished_arrival_batch_registration_page.dart,792,warehouse,editable_detail,UtenEditableGrid,'features.warehouse.pages.production_finished_arrival_batch_registration_page.ProductionFinishedArrivalBatchRegistrationPageState._buildForm.1',same_class_column_helper,'reportNo','来源报工单',待核对,待核对,待核对,待核对,待核对,待核对,待核对,待复核
lib/features/warehouse/pages/production_finished_arrival_registration_page.dart::_ProductionFinishedArrivalRegistrationPageState::_buildForm::UtenEditableGrid#1,lib/features/warehouse/pages/production_finished_arrival_registration_page.dart,783,warehouse,editable_detail,UtenEditableGrid,'features.warehouse.pages.production_finished_arrival_registration_page.ProductionFinishedArrivalRegistrationPageState._buildForm.1',external_or_dynamic_column_source_requires_registration,,,待核对,待核对,待核对,待核对,待核对,待核对,待核对,待复核
lib/features/warehouse/pages/production_finished_batch_stock_in_page.dart::_ProductionFinishedBatchStockInPageState::_buildTable::MasterDataTableView#1,lib/features/warehouse/pages/production_finished_batch_stock_in_page.dart,211,warehouse,business_list,MasterDataTableView,'features.warehouse.pages.production_finished_batch_stock_in_page.ProductionFinishedBatchStockInPageState._buildTable.1',same_class_column_helper,'taskNo' | 'planNo' | 'reportNos' | 'goodsSummary' | 'warehouseName' | 'pendingQty' | 'lineCount' | 'documentDate','入库单号' | '生产计划' | '报工单' | '货品' | '仓库' | '待点收数量' | '行数' | '单据日期',待核对,待核对,待核对,待核对,待核对,待核对,待核对,待复核
lib/features/warehouse/pages/production_material_discovery_page.dart::_DiscoveryPageState::build::MasterDataTableView#1,lib/features/warehouse/pages/production_material_discovery_page.dart,610,warehouse,business_list,MasterDataTableView,'features.warehouse.pages.production_material_discovery_page.DiscoveryPageState.build.1',same_class_column_helper,'goods' | 'goodsCode' | 'colorName' | 'spec' | 'unitName' | 'stockPlace' | 'qty' | 'warehouse' | 'usedFor' | 'actions','${l10n.materialDiscoveryPick} *' | l10n.materialDiscoveryCode | l10n.materialDiscoveryColor | '规格' | l10n.materialDiscoveryUnit | '参考库位' | '${l10n.materialDiscoveryQuantity} *' | '${l10n.materialDiscoveryWarehouse} *' | '用于生产' | '材料行',待核对,待核对,待核对,待核对,待核对,待核对,待核对,待复核
lib/features/warehouse/pages/shelf_label_page.dart::_ShelfLabelPageState::build::MasterDataTableView#1,lib/features/warehouse/pages/shelf_label_page.dart,433,warehouse,print,MasterDataTableView,'features.warehouse.pages.shelf_label_page.ShelfLabelPageState.build.1',same_class_column_helper,'warehouse' | 'rack' | 'level' | 'slot' | 'place' | 'goodsName' | 'goodsCode' | 'colorName' | 'unitName' | 'qty' | 'status',l10n.shelfActualWarehouse | '货架' | '层' | '位' | '库位号' | '货品名称' | '编号' | '颜色' | '单位' | '即时库存' | '状态',待核对,待核对,待核对,待核对,待核对,待核对,待核对,待复核
lib/features/warehouse/pages/shelf_label_page.dart::_ShelfLabelPrintDialogState::_pdfLabelPage::Table#1,lib/features/warehouse/pages/shelf_label_page.dart,799,warehouse,print,Table,,external_or_dynamic_column_source_requires_registration,,,待核对,待核对,待核对,待核对,待核对,待核对,待核对,待复核
lib/features/warehouse/pages/shelf_label_page.dart::_ShelfLabelPrintDialogState::_paperLabel::Table#1,lib/features/warehouse/pages/shelf_label_page.dart,1012,warehouse,print,Table,,external_or_dynamic_column_source_requires_registration,,,待核对,待核对,待核对,待核对,待核对,待核对,待核对,待复核
lib/features/warehouse/pages/stock_doc_detail_page.dart::_StockDocDetailPageState::_itemTable::MasterDataTableView#1,lib/features/warehouse/pages/stock_doc_detail_page.dart,1379,warehouse,readonly_history,MasterDataTableView,'warehouse.${widget.docType.name}.items',inline_column_definitions,'goods' | 'goodsCode' | 'color' | 'series' | 'stockPlace' | 'unit' | 'bookQty' | 'countQty' | 'surplusQty' | 'reportedQty' | 'acceptedQty' | 'qty','货品名称' | '编号' | '颜色' | '系列' | '库位号' | '单位' | '账面数量' | '实盘数量' | '盈亏' | '待点收上限' | detail.status == 1 ? '仓库实收' : '待点收' | '数量',待核对,待核对,待核对,待核对,待核对,待核对,待核对,待复核
lib/features/warehouse/pages/stock_doc_edit_page.dart::_StockDocEditPageState::build::UtenEditableGrid#1,lib/features/warehouse/pages/stock_doc_edit_page.dart,1103,warehouse,editable_detail,UtenEditableGrid,'warehouse.${widget.docType.name}.items',external_or_dynamic_column_source_requires_registration,,,待核对,待核对,待核对,待核对,待核对,待核对,待核对,待复核
lib/features/warehouse/pages/stock_doc_list_page.dart::_StockDocListPageState::build::MasterDataTableView#1,lib/features/warehouse/pages/stock_doc_list_page.dart,582,warehouse,business_list,MasterDataTableView,'warehouse.${widget.docType.name}.list',same_class_column_helper,'billNo' | 'billDate' | 'department' | 'warehouse' | 'toWarehouse' | 'status' | 'issueStatus','单据号' | '日期' | '领料车间' | '仓库' | '调入仓' | '状态' | '出库进度',待核对,待核对,待核对,待核对,待核对,待核对,待核对,待复核
lib/features/warehouse/pages/warehouse_arrival_batch_receipt_page.dart::_WarehouseArrivalBatchReceiptPageState::_buildForm::UtenEditableGrid#1,lib/features/warehouse/pages/warehouse_arrival_batch_receipt_page.dart,978,warehouse,editable_detail,UtenEditableGrid,'features.warehouse.pages.warehouse_arrival_batch_receipt_page.WarehouseArrivalBatchReceiptPageState._buildForm.1',same_class_column_helper,'order' | 'orderType' | 'arrivalSource' | 'series','来源订货单' | '类型' | workflowFieldText(context).warehouseArrivalSourceLabel | '物料系列',待核对,待核对,待核对,待核对,待核对,待核对,待核对,待复核
lib/features/warehouse/pages/warehouse_arrival_receipt_page.dart::_WarehouseArrivalReceiptPageState::_buildForm::UtenEditableGrid#1,lib/features/warehouse/pages/warehouse_arrival_receipt_page.dart,1065,warehouse,editable_detail,UtenEditableGrid,'features.warehouse.pages.warehouse_arrival_receipt_page.WarehouseArrivalReceiptPageState._buildForm.1',same_class_column_helper,'arrivalSource' | 'expectedAllocation' | 'series',workflowFieldText(context).warehouseArrivalSourceLabel | '预计去向(基本量)' | '物料系列',待核对,待核对,待核对,待核对,待核对,待核对,待核对,待复核
lib/features/warehouse/pages/warehouse_document_history_detail_page.dart::_WarehouseDocumentHistoryDetailPageState::build::MasterDataTableView#1,lib/features/warehouse/pages/warehouse_document_history_detail_page.dart,148,warehouse,readonly_history,MasterDataTableView,'features.warehouse.pages.warehouse_document_history_detail_page.WarehouseDocumentHistoryDetailPageState.build.1',same_class_column_helper,'lineNumber' | 'goodsName' | 'goodsCode' | 'colorName' | 'parentGoods' | 'parentGoodsCode' | 'parentColorName' | 'stockPlace' | 'unitName' | 'quantity' | 'weight' | 'boxQuantity' | 'returnedQuantity' | 'wastedQuantity' | 'atSupplierQuantity' | 'consumedQuantity' | 'supplierEndingQuantity' | 'endingQuantity' | 'standardQuantity' | 'wasteRate' | 'iqcStatus' | 'iqcPassedBaseQuantity' | 'iqcStockedBaseQuantity' | 'iqcPendingStockInBaseQuantity' | 'iqcFailedBaseQuantity' | 'referenceDocumentNo' | 'reason' | 'remark','行号' | '货品名称' | '编号' | '颜色' | '父件名称' | '父件编号' | '父件颜色' | '当前建议库位' | '单位' | '数量' | '重量' | '箱数' | '已退数量' | '损耗数量' | '委外商在手' | '已耗用' | '委外商结余' | '期末数量' | '标准数量' | '损耗率' | '质量状态' | '品质合格量' | '仓库已入库' | '合格待入库' | '不合格基础量' | '来源单据' | '原因' | '备注',待核对,待核对,待核对,待核对,待核对,待核对,待核对,待复核
lib/features/warehouse/pages/warehouse_insight_page.dart::_WarehouseInsightPageState::_healthTable::MasterDataTableView#1,lib/features/warehouse/pages/warehouse_insight_page.dart,804,warehouse,business_list,MasterDataTableView,'features.warehouse.pages.warehouse_insight_page.WarehouseInsightPageState._healthTable.1',external_or_dynamic_column_source_requires_registration,,,待核对,待核对,待核对,待核对,待核对,待核对,待核对,待复核
lib/features/warehouse/pages/warehouse_insight_page.dart::_WarehouseInsightPageState::_cycleTable::MasterDataTableView#1,lib/features/warehouse/pages/warehouse_insight_page.dart,870,warehouse,business_list,MasterDataTableView,'features.warehouse.pages.warehouse_insight_page.WarehouseInsightPageState._cycleTable.1',external_or_dynamic_column_source_requires_registration,,,待核对,待核对,待核对,待核对,待核对,待核对,待核对,待复核
lib/features/warehouse/pages/warehouse_insight_page.dart::_WarehouseInsightPageState::_alertsTable::MasterDataTableView#1,lib/features/warehouse/pages/warehouse_insight_page.dart,922,warehouse,business_list,MasterDataTableView,'features.warehouse.pages.warehouse_insight_page.WarehouseInsightPageState._alertsTable.1',external_or_dynamic_column_source_requires_registration,,,待核对,待核对,待核对,待核对,待核对,待核对,待核对,待复核
lib/features/warehouse/pages/warehouse_insight_page.dart::_WarehouseInsightPageState::_counterpartTable::MasterDataTableView#1,lib/features/warehouse/pages/warehouse_insight_page.dart,961,warehouse,business_list,MasterDataTableView,'features.warehouse.pages.warehouse_insight_page.WarehouseInsightPageState._counterpartTable.1',external_or_dynamic_column_source_requires_registration,,,待核对,待核对,待核对,待核对,待核对,待核对,待核对,待复核
lib/features/warehouse/pages/warehouse_insight_page.dart::_WarehouseInsightPageState::_learningTable::MasterDataTableView#1,lib/features/warehouse/pages/warehouse_insight_page.dart,987,warehouse,business_list,MasterDataTableView,'features.warehouse.pages.warehouse_insight_page.WarehouseInsightPageState._learningTable.1',external_or_dynamic_column_source_requires_registration,,,待核对,待核对,待核对,待核对,待核对,待核对,待核对,待复核
lib/features/warehouse/pages/warehouse_quality_pre_stock_in_page.dart::_WarehouseQualityPreStockInPageState::_buildBody::UtenEditableGrid#1,lib/features/warehouse/pages/warehouse_quality_pre_stock_in_page.dart,300,warehouse,editable_detail,UtenEditableGrid,'features.warehouse.pages.warehouse_quality_pre_stock_in_page.WarehouseQualityPreStockInPageState._buildBody.1',same_class_column_helper,'goods' | 'goodsCode' | 'colorName' | 'received' | 'warehouse' | 'place','货品名称' | '编号' | '颜色' | '待检量' | '上架仓库' | '上架库位',待核对,待核对,待核对,待核对,待核对,待核对,待核对,待复核
lib/features/warehouse/pages/warehouse_quality_results_page.dart::_WarehouseQualityResultsPageState::build::MasterDataTableView#1,lib/features/warehouse/pages/warehouse_quality_results_page.dart,468,warehouse,business_list,MasterDataTableView,'features.warehouse.pages.warehouse_quality_results_page.WarehouseQualityResultsPageState.build.1',same_class_column_helper,'workStatus' | 'receiptType' | 'billNo' | 'billDate' | 'supplierName' | 'warehouseName' | 'verdict' | 'pendingSliceCount' | 'pendingReturnCount' | 'lastActivityAt','作业状态' | '来源类型' | '收货单号' | '收货日期' | '供应商 / 委外商' | '收货参考仓' | '品质结论' | '待入库切片' | '待退回笔数' | '最近动态',待核对,待核对,待核对,待核对,待核对,待核对,待核对,待复核
lib/features/warehouse/pages/warehouse_report_table_page.dart::_WarehouseReportTablePageState::_printLoader::UtenPrintTable#1,lib/features/warehouse/pages/warehouse_report_table_page.dart,252,warehouse,print,UtenPrintTable,,external_or_dynamic_column_source_requires_registration,,,待核对,待核对,待核对,待核对,待核对,待核对,待核对,待复核
lib/features/warehouse/pages/warehouse_report_table_page.dart::_WarehouseReportTablePageState::_buildTable::MasterDataTableView#1,lib/features/warehouse/pages/warehouse_report_table_page.dart,482,warehouse,report,MasterDataTableView,'features.warehouse.pages.warehouse_report_table_page.WarehouseReportTablePageState._buildTable.1',external_or_dynamic_column_source_requires_registration,,,待核对,待核对,待核对,待核对,待核对,待核对,待核对,待复核
lib/features/warehouse/pages/warehouse_sales_outbound_batch_page.dart::_WarehouseSalesOutboundBatchPageState::build::MasterDataTableView#1,lib/features/warehouse/pages/warehouse_sales_outbound_batch_page.dart,432,warehouse,business_list,MasterDataTableView,'features.warehouse.pages.warehouse_sales_outbound_batch_page.WarehouseSalesOutboundBatchPageState.build.1',external_or_dynamic_column_source_requires_registration,,,待核对,待核对,待核对,待核对,待核对,待核对,待核对,待复核
lib/features/warehouse/pages/warehouse_sales_outbound_detail_page.dart::_WarehouseSalesOutboundDetailPageState::build::MasterDataTableView#1,lib/features/warehouse/pages/warehouse_sales_outbound_detail_page.dart,370,warehouse,readonly_history,MasterDataTableView,'features.warehouse.pages.warehouse_sales_outbound_detail_page.WarehouseSalesOutboundDetailPageState.build.1',external_or_dynamic_column_source_requires_registration,,,待核对,待核对,待核对,待核对,待核对,待核对,待核对,待复核
lib/features/warehouse/widgets/arrival_qty_revision_table.dart::ArrivalQtyRevisionTable::build::UtenRevisionTable#1,lib/features/warehouse/widgets/arrival_qty_revision_table.dart,91,warehouse,readonly_history,UtenRevisionTable,'features.warehouse.widgets.arrival_qty_revision_table.ArrivalQtyRevisionTable.build.1',inline_column_definitions,'goodsName' | 'goodsCode' | 'color' | 'unit' | 'qty' | 'unitPrice','货品名称' | '编号' | '颜色' | '单位' | '数量' | '单价',待核对,待核对,待核对,待核对,待核对,待核对,待核对,待复核
lib/features/warehouse/widgets/production_draw_detail_table.dart::ProductionDrawDetailTable::build::MasterDataTableView#1,lib/features/warehouse/widgets/production_draw_detail_table.dart,265,warehouse,readonly_history,MasterDataTableView,'features.warehouse.widgets.production_draw_detail_table.ProductionDrawDetailTable.build.1',inline_column_definitions,'billNo' | 'materialRequestNo' | 'goods' | 'goodsCode' | 'color' | 'warehouse' | 'department' | 'worker' | 'place' | 'unit' | 'qty' | 'issuedQty' | 'issuedWeight' | 'remainingQty' | 'issueQty' | 'lineRemark' | 'issueStatus' | 'planNo' | 'sourceDocNo' | 'documentWeight' | 'spec' | 'usedFor' | 'discoveryActions','领料单号' | '领料申请号' | '货品名称' | '编号' | '颜色' | discoveryRows.isEmpty ? '仓库' : '仓库 *' | '领料车间' | '领料负责人' | '库位号' | '单位' | discoveryRows.isEmpty ? '应领数量' : '应领数量 *' | '已出库' | '已出库重量' | '待出库' | '本次出库' | '行备注' | '状态' | '生产计划' | '来源' | '单据重量' | '规格' | '用于生产' | '分仓发料',待核对,待核对,待核对,待核对,待核对,待核对,待核对,待复核
lib/features/warehouse/widgets/production_finished_inbound_tasks_view.dart::_ProductionFinishedInboundTasksViewState::_buildTable::MasterDataTableView#1,lib/features/warehouse/widgets/production_finished_inbound_tasks_view.dart,453,warehouse,business_list,MasterDataTableView,'features.warehouse.widgets.production_finished_inbound_tasks_view.ProductionFinishedInboundTasksViewState._buildTable.1',same_class_column_helper,'taskStage' | 'taskNo' | 'planNo' | 'reportNos' | 'goodsSummary' | 'warehouseName' | 'pendingQty' | 'lineCount' | 'documentDate' | 'createdAt','任务步骤' | '任务单号' | '生产计划' | '报工单' | '货品' | '仓库' | '待处理数量' | '行数' | '单据日期' | '进入队列时间',待核对,待核对,待核对,待核对,待核对,待核对,待核对,待复核
lib/features/warehouse/widgets/subcontract_outbound_detail_table.dart::_SubcontractOutboundDetailTableState::build::UtenEditableGrid#1,lib/features/warehouse/widgets/subcontract_outbound_detail_table.dart,294,warehouse,readonly_history,UtenEditableGrid,'features.warehouse.widgets.subcontract_outbound_detail_table.SubcontractOutboundDetailTableState.build.1',inline_column_definitions,'quantity' | 'warehouse' | 'lineRemark' | 'documentRemark',l10n.warehouseSubcontractOutboundQuantity | l10n.warehouseSubcontractOutboundWarehouse | l10n.warehouseSubcontractOutboundLineRemark | l10n.warehouseSubcontractOutboundDocumentRemark,待核对,待核对,待核对,待核对,待核对,待核对,待核对,待复核
lib/features/warehouse/widgets/warehouse_arrival_exceptions_view.dart::_WarehouseArrivalExceptionsViewState::_buildList::MasterDataTableView#1,lib/features/warehouse/widgets/warehouse_arrival_exceptions_view.dart,475,warehouse,business_list,MasterDataTableView,'features.warehouse.widgets.warehouse_arrival_exceptions_view.WarehouseArrivalExceptionsViewState._buildList.1',same_class_column_helper,'orderType' | 'receiptBillNo' | 'orderBillNo' | 'supplierName' | 'goods' | 'goodsCode' | 'colorName' | 'warehouseName' | 'declaredQty' | 'approvedRemainingQty' | 'acceptedQty' | 'unacceptedQty' | 'status' | 'nextAction','来源' | '收货单号' | '订货单号' | '供应商 / 委外商' | '货品名称' | '编号' | '颜色' | '仓库' | '实到数量' | '批准剩余' | '财务接收' | '待退数量' | '当前状态' | '下一步',待核对,待核对,待核对,待核对,待核对,待核对,待核对,待复核
lib/features/warehouse/widgets/warehouse_document_history_view.dart::_WarehouseDocumentHistoryViewState::build::MasterDataTableView#1,lib/features/warehouse/widgets/warehouse_document_history_view.dart,239,warehouse,readonly_history,MasterDataTableView,'features.warehouse.widgets.warehouse_document_history_view.WarehouseDocumentHistoryViewState.build.1',same_class_column_helper,'billNo' | 'billDate' | 'status' | 'supplierName' | 'warehouseName' | 'sourceDocNo' | 'itemCount' | 'makerName' | 'approverName','单据号' | '业务日期' | '状态' | '往来单位' | '仓库' | '来源单据' | '明细行' | '制单人' | '审核人',待核对,待核对,待核对,待核对,待核对,待核对,待核对,待复核
lib/features/warehouse/widgets/warehouse_draw_task_segment.dart::_WarehouseDrawTaskSegmentState::build::MasterDataTableView#1,lib/features/warehouse/widgets/warehouse_draw_task_segment.dart,463,warehouse,business_list,MasterDataTableView,'features.warehouse.widgets.warehouse_draw_task_segment.WarehouseDrawTaskSegmentState.build.1',same_class_column_helper,'drawBillNo' | 'drawBatchNo' | 'goods' | 'goodsCode' | 'colorName' | 'warehouseName' | 'workshopName' | 'workerName' | 'unitName' | 'requiredQty' | 'fulfilledQty' | 'openQty' | 'status' | 'planNo' | 'productionPurpose' | 'dueDate' | 'exception','领料单号' | '领料批次' | '货品名称' | '编号' | '颜色' | '仓库' | '领料车间' | '领料负责人' | '单位' | '应领数量' | '已出库' | '待出库' | '状态' | '生产计划' | '用于生产' | '需求日期' | '异常',待核对,待核对,待核对,待核对,待核对,待核对,待核对,待复核
lib/features/warehouse/widgets/warehouse_inbound_expectations_view.dart::_WarehouseInboundExpectationsViewState::_buildList::MasterDataTableView#1,lib/features/warehouse/widgets/warehouse_inbound_expectations_view.dart,707,warehouse,business_list,MasterDataTableView,'features.warehouse.widgets.warehouse_inbound_expectations_view.WarehouseInboundExpectationsViewState._buildList.1',same_class_column_helper,'orderType' | 'billNo' | 'supplierName' | 'expectedDate' | 'itemCount' | 'step' | 'ownerEmployeeName','订货类型' | '订货单号' | '供应商 / 委外商' | '预计到货日' | '明细行数' | '到货步骤' | '负责人',待核对,待核对,待核对,待核对,待核对,待核对,待核对,待复核
lib/features/warehouse/widgets/warehouse_quality_merged_table.dart::WarehouseQualityMergedTable::build::UtenEditableGrid#1,lib/features/warehouse/widgets/warehouse_quality_merged_table.dart,146,warehouse,editable_detail,UtenEditableGrid,'features.warehouse.widgets.warehouse_quality_merged_table.WarehouseQualityMergedTable.build.1',same_class_column_helper,'receipt' | 'supplier' | 'verdict' | 'goods' | 'goodsCode' | 'colorName' | 'unit' | 'remaining' | 'quantity' | 'releasedWeight' | 'warehouse' | 'place' | 'received' | 'passed' | 'failed' | 'expectedAllocation' | 'release','来源收货单' | '供应商 / 委外商' | '判定结果' | '货品名称' | '编号' | '颜色' | '单位' | '合格待入量' | '本次实收' | '放行重量' | '目标叶仓' | '实际库位' | '收货总量' | '合格总量' | '不合格总量' | '预计去向' | '放行信息',待核对,待核对,待核对,待核对,待核对,待核对,待核对,待复核
lib/features/warehouse/widgets/warehouse_sales_outbound_workbench.dart::_WarehouseSalesOutboundWorkbenchState::build::MasterDataTableView#1,lib/features/warehouse/widgets/warehouse_sales_outbound_workbench.dart,429,warehouse,business_list,MasterDataTableView,'features.warehouse.widgets.warehouse_sales_outbound_workbench.WarehouseSalesOutboundWorkbenchState.build.1',same_class_column_helper,'billNo' | 'billDate' | 'clientName' | 'warehouseName' | 'warehouseWorkStatus' | 'nextStep','出货单号' | '业务日期' | '客户' | '仓库' | '仓库作业' | '下一步',待核对,待核对,待核对,待核对,待核对,待核对,待核对,待复核
lib/features/warehouse/widgets/warehouse_stock_doc_segment.dart::_WarehouseStockDocSegmentState::build::MasterDataTableView#1,lib/features/warehouse/widgets/warehouse_stock_doc_segment.dart,658,warehouse,business_list,MasterDataTableView,'features.warehouse.widgets.warehouse_stock_doc_segment.WarehouseStockDocSegmentState.build.1',same_class_column_helper,'billNo' | 'billDate' | 'department' | 'warehouse' | 'toWarehouse' | 'status' | 'issueStatus','单据号' | '日期' | '领料车间' | '仓库' | '调入仓' | '状态' | '出库进度',待核对,待核对,待核对,待核对,待核对,待核对,待核对,待复核
lib/features/warehouse/widgets/warehouse_stock_outbound_detail_table.dart::WarehouseStockOutboundDetailTable::build::MasterDataTableView#1,lib/features/warehouse/widgets/warehouse_stock_outbound_detail_table.dart,45,warehouse,readonly_history,MasterDataTableView,'features.warehouse.widgets.warehouse_stock_outbound_detail_table.WarehouseStockOutboundDetailTable.build.1',inline_column_definitions,'billNo' | 'goods' | 'goodsCode' | 'color' | 'warehouse' | 'series' | 'place' | 'suggestedPlace' | 'unit' | 'qty' | 'weight' | 'source' | 'remark' | 'documentRemark' | 'result',l10n.warehouseStockOutboundBillNo | l10n.warehouseOutboundGoodsName | l10n.warehouseOutboundGoodsCode | l10n.warehouseOutboundColor | l10n.warehouseSubcontractOutboundWarehouse | l10n.warehouseStockOutboundSeries | l10n.warehouseStockOutboundPlace | l10n.warehouseOutboundPlaceHint | l10n.warehouseOutboundUnit | l10n.warehouseStockOutboundQuantity | l10n.warehouseOutboundWeight | l10n.warehouseStockOutboundSource | l10n.warehouseSubcontractOutboundLineRemark | l10n.warehouseSubcontractOutboundDocumentRemark | l10n.warehouseOutboundBatchResult,待核对,待核对,待核对,待核对,待核对,待核对,待核对,待复核
lib/features/warehouse/widgets/warehouse_subcontract_outbound_workbench.dart::_WarehouseSubcontractOutboundWorkbenchState::build::MasterDataTableView#1,lib/features/warehouse/widgets/warehouse_subcontract_outbound_workbench.dart,262,warehouse,business_list,MasterDataTableView,'features.warehouse.widgets.warehouse_subcontract_outbound_workbench.WarehouseSubcontractOutboundWorkbenchState.build.1',same_class_column_helper,'status' | 'orderBillNo' | 'supplierName' | 'deliverDate' | 'lineCount' | 'draftBillNo','任务状态' | '委外订货单' | '委外商' | '交货日期' | '目标件行数' | '出仓草稿单',待核对,待核对,待核对,待核对,待核对,待核对,待核对,待复核
lib/shared/attachments/attachment_preview_dialog.dart::_AttachmentPreviewDialogState::_body::_CsvBody#1,lib/shared/attachments/attachment_preview_dialog.dart,407,shared,source_file_preview,_CsvBody,,external_or_dynamic_column_source_requires_registration,,,待核对,待核对,待核对,待核对,待核对,待核对,待核对,待复核
lib/shared/drafts/draft_workspace_table.dart::_DraftWorkspaceTableState::build::MasterDataTableView#1,lib/shared/drafts/draft_workspace_table.dart,424,shared,business_list,MasterDataTableView,'${widget.tableKey ?? 'shared.drafts.workspace.${_kinds.map((kind) => kind.name).join('.')}'}' '.v2',external_or_dynamic_column_source_requires_registration,,,待核对,待核对,待核对,待核对,待核对,待核对,待核对,待复核
lib/shared/drafts/form_draft_category_table.dart::_FormDraftCategoryTableState::build::MasterDataTableView#1,lib/shared/drafts/form_draft_category_table.dart,224,shared,business_list,MasterDataTableView,table.tableKey,inline_column_definitions,column.key,column.label,待核对,待核对,待核对,待核对,待核对,待核对,待核对,待复核
lib/shared/drafts/form_draft_category_table.dart::_FormDraftCategoryListState::build::MasterDataTableView#1,lib/shared/drafts/form_draft_category_table.dart,647,shared,business_list,MasterDataTableView,'shared.drafts.category.v2',inline_column_definitions,'category' | 'title' | 'billDate' | 'remark' | 'savedAt','类别' | '草稿' | '单据日期' | '备注' | '保存时间',待核对,待核对,待核对,待核对,待核对,待核对,待核对,待复核
lib/shared/stock_ledger/widgets/goods_stock_balance_view.dart::_GoodsStockBalanceViewState::build::MasterDataTableView#1,lib/shared/stock_ledger/widgets/goods_stock_balance_view.dart,181,shared,report,MasterDataTableView,'shared.stock_ledger.widgets.goods_stock_balance_view.GoodsStockBalanceViewState.build.1',same_class_column_helper,'warehouse' | 'color' | 'qty' | 'unit' | 'weight' | 'lastMovementDate' | 'actions','仓库' | '颜色' | '库存数量' | '单位' | '库存重量' | '最后变动' | '操作',STOCK-01 即时库存/货品库存/余额/流水/单重,待核对,待核对,待核对,待核对,待核对,16记录初始源码观察；尚未逐字段/运行验证,待复核
lib/shared/stock_ledger/widgets/goods_stock_ledger_view.dart::_GoodsStockLedgerViewState::build::MasterDataTableView#1,lib/shared/stock_ledger/widgets/goods_stock_ledger_view.dart,218,shared,report,MasterDataTableView,'shared.stock_ledger.widgets.goods_stock_ledger_view.GoodsStockLedgerViewState.build.1',same_class_column_helper,'date' | 'type' | 'billNo' | 'counterpart' | 'warehouse' | 'color' | 'inQty' | 'outQty' | 'balanceQty' | 'unit' | 'inWeight' | 'outWeight' | 'balanceWeight' | 'operator' | 'remark','日期' | '类型' | '单号' | '往来方' | '仓库' | '颜色' | '收入数量' | '发出数量' | '结存数量' | '单位' | '收入重量' | '发出重量' | '结存重量' | '操作人' | '备注',STOCK-01 即时库存/货品库存/余额/流水/单重,待核对,待核对,待核对,待核对,待核对,16记录初始源码观察；尚未逐字段/运行验证,待复核
lib/shared/stock_ledger/widgets/goods_weight_learning_view.dart::_GoodsWeightLearningViewState::_recordsTable::MasterDataTableView#1,lib/shared/stock_ledger/widgets/goods_weight_learning_view.dart,506,shared,report,MasterDataTableView,'shared.stock_ledger.widgets.goods_weight_learning_view.GoodsWeightLearningViewState._recordsTable.1',same_class_column_helper,'observedAt' | 'kind' | 'billNo' | 'party' | 'qty' | 'weight' | 'unitWeight' | 'deviation' | 'recordedBy' | 'status' | 'actions','日期' | '来源' | '单号' | '供应商/车间' | '数量' | '重量' | '单重' | '偏差' | '称重人' | '状态' | '操作',STOCK-01 即时库存/货品库存/余额/流水/单重,待核对,待核对,待核对,待核对,待核对,16记录初始源码观察；尚未逐字段/运行验证,待复核
lib/shared/stock_ledger/widgets/goods_weight_learning_view.dart::_GoodsWeightLearningViewState::_suppliersTable::MasterDataTableView#1,lib/shared/stock_ledger/widgets/goods_weight_learning_view.dart,687,shared,report,MasterDataTableView,'shared.stock_ledger.widgets.goods_weight_learning_view.GoodsWeightLearningViewState._suppliersTable.1',inline_column_definitions,'supplier' | 'unitWeight' | 'diff' | 'nRef' | 'last' | 'tier','供应商' | '单重' | '与总体差异' | '抽样次数' | '最近' | '可靠度',STOCK-01 即时库存/货品库存/余额/流水/单重,待核对,待核对,待核对,待核对,待核对,16记录初始源码观察；尚未逐字段/运行验证,待复核
lib/shared/widgets/sales_order_picker.dart::_SalesOrderPickerSheetState::build::MasterDataTableView#1,lib/shared/widgets/sales_order_picker.dart,299,shared,selector,MasterDataTableView,'shared.widgets.sales_order_picker.SalesOrderPickerSheetState.build.1',same_class_column_helper,'billNo' | 'billDate' | 'deliverDate' | 'seller' | 'status','单据号' | '日期' | '交货日期' | '销售员' | '状态',待核对,待核对,待核对,待核对,待核对,待核对,待核对,待复核
